DATE,OPEN,HIGH,LOW,CLOSE,VOLUME
2020-11-12,28.866666793823242,29.5,28.799999237060547,28.799999237060547,31500
2020-11-13,28.799999237060547,28.799999237060547,28.5,28.5,13500
2020-11-14,28.799999237060547,30.0,28.799999237060547,29.600000381469727,31500
2020-11-17,29.0,29.0,28.933332443237305,28.933332443237305,9000
2020-11-18,28.66666603088379,28.66666603088379,28.66666603088379,28.66666603088379,13500
2020-11-19,28.5,28.5,28.5,28.5,9000
2020-11-20,28.66666603088379,28.66666603088379,28.66666603088379,28.66666603088379,4500
2020-11-23,28.66666603088379,28.66666603088379,28.5,28.5,9000
2020-11-24,28.5,28.5,28.5,28.5,13500
2020-11-25,28.5,28.5,28.5,28.5,0
2020-11-26,29.333332061767578,32.0,29.333332061767578,29.333332061767578,22500
2020-11-27,29.333332061767578,29.333332061767578,29.333332061767578,29.333332061767578,0
2020-12-01,29.16666603088379,29.16666603088379,29.16666603088379,29.16666603088379,4500
2020-12-02,29.133333206176758,29.133333206176758,29.133333206176758,29.133333206176758,4500
2020-12-03,28.466665267944336,28.466665267944336,28.200000762939453,28.399999618530273,31500
2020-12-04,28.399999618530273,28.399999618530273,28.399999618530273,28.399999618530273,0
2020-12-07,28.399999618530273,28.399999618530273,28.399999618530273,28.399999618530273,0
2020-12-08,28.66666603088379,28.66666603088379,28.333332061767578,28.333332061767578,13500
2020-12-09,28.366666793823242,28.366666793823242,28.366666793823242,28.366666793823242,4500
2020-12-10,28.333332061767578,28.633333206176758,28.266666412353516,28.299999237060547,18000
2020-12-11,28.66666603088379,29.233333587646484,28.333332061767578,29.0,27000
2020-12-14,28.366666793823242,28.366666793823242,28.366666793823242,28.366666793823242,9000
2020-12-15,28.366666793823242,28.366666793823242,28.333332061767578,28.333332061767578,9000
2020-12-16,28.333332061767578,28.333332061767578,28.333332061767578,28.333332061767578,0
2020-12-17,28.366666793823242,28.366666793823242,28.333332061767578,28.333332061767578,13500
2020-12-18,28.333332061767578,28.333332061767578,28.333332061767578,28.333332061767578,0
2020-12-21,28.366666793823242,28.366666793823242,28.299999237060547,28.299999237060547,22500
2020-12-22,28.200000762939453,28.200000762939453,28.200000762939453,28.200000762939453,9000
2020-12-23,28.200000762939453,28.200000762939453,28.200000762939453,28.200000762939453,4500
2020-12-24,28.266666412353516,28.66666603088379,28.266666412353516,28.66666603088379,9000
2020-12-28,28.16666603088379,28.600000381469727,28.133333206176758,28.600000381469727,18000
2020-12-29,28.866666793823242,28.866666793823242,28.866666793823242,28.866666793823242,4500
2020-12-30,28.16666603088379,28.16666603088379,28.16666603088379,28.16666603088379,4500
2020-12-31,28.16666603088379,28.16666603088379,28.16666603088379,28.16666603088379,9000
2021-01-01,28.200000762939453,28.200000762939453,28.200000762939453,28.200000762939453,4500
2021-01-04,28.16666603088379,28.333332061767578,28.16666603088379,28.333332061767578,9000
2021-01-05,28.333332061767578,28.333332061767578,28.333332061767578,28.333332061767578,0
2021-01-06,28.200000762939453,28.333332061767578,28.16666603088379,28.16666603088379,13500
2021-01-07,28.866666793823242,28.866666793823242,28.200000762939453,28.299999237060547,18000
2021-01-08,28.733333587646484,28.733333587646484,28.733333587646484,28.733333587646484,4500
2021-01-11,28.733333587646484,28.733333587646484,28.733333587646484,28.733333587646484,0
2021-01-12,28.733333587646484,28.733333587646484,28.733333587646484,28.733333587646484,0
2021-01-13,28.733333587646484,28.733333587646484,28.733333587646484,28.733333587646484,0
2021-01-14,28.16666603088379,28.16666603088379,28.16666603088379,28.16666603088379,13500
2021-01-15,28.16666603088379,28.16666603088379,28.16666603088379,28.16666603088379,4500
2021-01-18,28.16666603088379,28.16666603088379,28.16666603088379,28.16666603088379,13500
2021-01-19,28.16666603088379,28.16666603088379,28.16666603088379,28.16666603088379,0
2021-01-20,28.16666603088379,28.16666603088379,28.16666603088379,28.16666603088379,0
2021-01-21,28.16666603088379,28.16666603088379,28.16666603088379,28.16666603088379,0
2021-01-22,28.16666603088379,28.16666603088379,28.16666603088379,28.16666603088379,0
2021-01-25,28.16666603088379,28.16666603088379,28.16666603088379,28.16666603088379,0
2021-01-27,28.16666603088379,28.16666603088379,28.16666603088379,28.16666603088379,4500
2021-01-28,28.133333206176758,28.133333206176758,28.133333206176758,28.133333206176758,18000
2021-01-29,28.600000381469727,28.600000381469727,28.600000381469727,28.600000381469727,4500
2021-02-01,28.600000381469727,28.600000381469727,28.600000381469727,28.600000381469727,0
2021-02-02,28.600000381469727,30.0,28.133333206176758,28.133333206176758,54000
2021-02-03,28.16666603088379,28.16666603088379,28.133333206176758,28.133333206176758,9000
2021-02-04,28.133333206176758,28.133333206176758,28.133333206176758,28.133333206176758,9000
2021-02-05,28.133333206176758,28.133333206176758,28.133333206176758,28.133333206176758,4500
2021-02-08,28.100000381469727,28.100000381469727,28.03333282470703,28.03333282470703,40500
2021-02-09,28.066665649414062,28.066665649414062,28.066665649414062,28.066665649414062,13500
2021-02-10,28.03333282470703,29.0,28.0,29.0,31500
2021-02-11,28.066665649414062,28.133333206176758,28.066665649414062,28.133333206176758,9000
2021-02-12,28.133333206176758,28.133333206176758,28.133333206176758,28.133333206176758,0
2021-02-15,29.200000762939453,29.200000762939453,28.03333282470703,28.833332061767578,22500
2021-02-16,28.0,28.0,28.0,28.0,9000
2021-02-17,28.0,28.0,28.0,28.0,4500
2021-02-18,28.0,28.0,28.0,28.0,0
2021-02-19,28.0,28.0,28.0,28.0,0
2021-02-22,28.200000762939453,28.200000762939453,28.03333282470703,28.03333282470703,31500
2021-02-23,28.066665649414062,28.066665649414062,28.066665649414062,28.066665649414062,9000
2021-02-24,28.066665649414062,28.066665649414062,28.066665649414062,28.066665649414062,0
2021-02-25,28.066665649414062,28.066665649414062,28.066665649414062,28.066665649414062,0
2021-02-26,28.03333282470703,28.03333282470703,28.0,28.0,13500
2021-03-01,28.03333282470703,28.03333282470703,28.03333282470703,28.03333282470703,9000
2021-03-02,28.03333282470703,28.03333282470703,28.03333282470703,28.03333282470703,4500
2021-03-03,28.03333282470703,28.03333282470703,28.0,28.0,9000
2021-03-04,28.0,28.0,28.0,28.0,9000
2021-03-05,28.0,28.0,28.0,28.0,4500
2021-03-08,28.0,28.66666603088379,28.0,28.0,18000
2021-03-09,28.333332061767578,28.333332061767578,28.333332061767578,28.333332061767578,36000
2021-03-10,28.333332061767578,28.333332061767578,28.333332061767578,28.333332061767578,0
2021-03-12,28.633333206176758,28.633333206176758,28.600000381469727,28.600000381469727,9000
2021-03-15,28.600000381469727,28.600000381469727,28.600000381469727,28.600000381469727,0
2021-03-16,28.0,28.03333282470703,28.0,28.03333282470703,9000
2021-03-17,28.0,28.0,28.0,28.0,4500
2021-03-18,28.66666603088379,28.66666603088379,28.66666603088379,28.66666603088379,108000
2021-03-19,34.0,34.0,28.100000381469727,28.100000381469727,171000
2021-03-22,29.633333206176758,32.666664123535156,29.633333206176758,29.700000762939453,310500
2021-03-23,29.933332443237305,30.0,29.933332443237305,30.0,13500
2021-03-24,28.66666603088379,28.700000762939453,28.66666603088379,28.66666603088379,13500
2021-03-25,28.700000762939453,28.700000762939453,28.66666603088379,28.66666603088379,13500
2021-03-26,29.333332061767578,29.333332061767578,28.66666603088379,28.66666603088379,58500
2021-03-30,28.66666603088379,28.66666603088379,28.66666603088379,28.66666603088379,9000
2021-03-31,28.700000762939453,28.700000762939453,28.333332061767578,28.333332061767578,18000
2021-04-01,28.333332061767578,28.333332061767578,28.333332061767578,28.333332061767578,0
2021-04-05,28.333332061767578,28.333332061767578,28.333332061767578,28.333332061767578,0
2021-04-06,28.333332061767578,28.333332061767578,28.333332061767578,28.333332061767578,0
2021-04-07,28.333332061767578,28.333332061767578,28.333332061767578,28.333332061767578,0
2021-04-08,28.600000381469727,28.600000381469727,28.433332443237305,28.433332443237305,9000
2021-04-09,28.433332443237305,28.433332443237305,28.433332443237305,28.433332443237305,0
2021-04-12,28.333332061767578,28.333332061767578,28.266666412353516,28.266666412353516,9000
2021-04-13,28.266666412353516,28.333332061767578,28.16666603088379,28.16666603088379,85500
2021-04-15,28.16666603088379,28.16666603088379,28.16666603088379,28.16666603088379,4500
2021-04-16,28.16666603088379,28.16666603088379,28.16666603088379,28.16666603088379,0
2021-04-19,28.16666603088379,28.16666603088379,28.16666603088379,28.16666603088379,4500
2021-04-20,28.16666603088379,28.16666603088379,28.16666603088379,28.16666603088379,0
2021-04-22,28.16666603088379,28.16666603088379,28.16666603088379,28.16666603088379,0
2021-04-23,28.16666603088379,28.16666603088379,28.16666603088379,28.16666603088379,0
2021-04-26,28.16666603088379,28.16666603088379,28.16666603088379,28.16666603088379,0
2021-04-27,28.16666603088379,28.16666603088379,28.16666603088379,28.16666603088379,4500
2021-04-28,28.066665649414062,28.266666412353516,28.066665649414062,28.266666412353516,13500
2021-04-29,28.266666412353516,28.266666412353516,28.266666412353516,28.266666412353516,0
2021-04-30,28.266666412353516,28.266666412353516,28.266666412353516,28.266666412353516,0
2021-05-03,28.266666412353516,28.266666412353516,28.266666412353516,28.266666412353516,0
2021-05-04,28.266666412353516,28.266666412353516,28.266666412353516,28.266666412353516,0
2021-05-05,28.266666412353516,28.266666412353516,28.266666412353516,28.266666412353516,0
2021-05-06,28.266666412353516,28.266666412353516,28.266666412353516,28.266666412353516,4500
2021-05-07,28.266666412353516,28.266666412353516,28.266666412353516,28.266666412353516,0
2021-05-10,28.333332061767578,28.333332061767578,28.333332061767578,28.333332061767578,4500
2021-05-11,28.5,28.5,28.5,28.5,9000
2021-05-12,28.5,28.5,28.5,28.5,0
2021-05-14,29.333332061767578,29.333332061767578,28.333332061767578,28.333332061767578,9000
2021-05-17,29.333332061767578,29.333332061767578,29.333332061767578,29.333332061767578,9000
2021-05-18,28.66666603088379,28.66666603088379,28.66666603088379,28.66666603088379,9000
2021-05-19,29.333332061767578,29.333332061767578,29.333332061767578,29.333332061767578,4500
2021-05-20,29.333332061767578,29.333332061767578,29.333332061767578,29.333332061767578,0
2021-05-21,29.333332061767578,29.333332061767578,29.333332061767578,29.333332061767578,0
2021-05-24,29.333332061767578,29.333332061767578,28.66666603088379,28.66666603088379,9000
2021-05-25,28.366666793823242,28.366666793823242,28.366666793823242,28.366666793823242,4500
2021-05-26,28.466665267944336,28.466665267944336,28.466665267944336,28.466665267944336,4500
2021-05-27,28.633333206176758,28.66666603088379,28.633333206176758,28.66666603088379,9000
2021-05-28,28.66666603088379,28.66666603088379,28.66666603088379,28.66666603088379,0
2021-05-31,28.66666603088379,32.0,28.66666603088379,31.0,85500
2021-06-01,31.0,31.0,31.0,31.0,0
2021-06-02,30.700000762939453,37.0,30.700000762939453,36.79999923706055,90000
2021-06-03,39.5,43.666664123535156,39.5,43.29999923706055,180000
2021-06-04,43.36666488647461,45.33333206176758,39.0,39.0,81000
2021-06-07,36.666664123535156,40.96666717529297,36.666664123535156,40.666664123535156,49500
2021-06-08,40.666664123535156,40.666664123535156,40.0,40.0,36000
2021-06-09,41.0,41.0,40.266666412353516,40.266666412353516,9000
2021-06-10,40.0,40.0,40.0,40.0,9000
2021-06-11,40.0,40.666664123535156,40.0,40.666664123535156,9000
2021-06-14,40.0,40.666664123535156,40.0,40.666664123535156,9000
2021-06-15,38.0,38.33333206176758,37.33333206176758,38.33333206176758,67500
2021-06-16,38.666664123535156,42.166664123535156,38.666664123535156,42.166664123535156,72000
2021-06-17,42.666664123535156,46.36666488647461,42.666664123535156,44.666664123535156,94500
2021-06-18,47.33333206176758,47.33333206176758,43.733333587646484,44.766666412353516,49500
2021-06-21,45.96666717529297,45.96666717529297,44.666664123535156,44.666664123535156,9000
2021-06-22,45.33333206176758,45.33333206176758,44.666664123535156,44.666664123535156,9000
2021-06-23,44.0,44.0,40.666664123535156,42.0,49500
2021-06-24,43.96666717529297,44.0,42.666664123535156,44.0,90000
2021-06-25,45.29999923706055,48.29999923706055,45.29999923706055,47.33333206176758,63000
2021-06-28,46.70000076293945,46.70000076293945,42.599998474121094,42.599998474121094,72000
2021-06-29,40.0,40.0,38.36666488647461,38.36666488647461,49500
2021-06-30,36.53333282470703,36.666664123535156,34.79999923706055,36.666664123535156,94500
2021-07-01,37.33333206176758,40.33333206176758,37.33333206176758,40.33333206176758,27000
2021-07-02,39.36666488647461,42.0,39.36666488647461,40.666664123535156,22500
2021-07-05,39.36666488647461,39.36666488647461,37.400001525878906,38.0,45000
2021-07-06,36.93333435058594,36.93333435058594,36.70000076293945,36.79999923706055,9000
2021-07-07,35.33333206176758,35.400001525878906,35.33333206176758,35.400001525878906,9000
2021-07-08,35.43333435058594,35.5,35.43333435058594,35.5,9000
2021-07-09,37.33333206176758,37.33333206176758,37.33333206176758,37.33333206176758,4500
2021-07-12,36.666664123535156,39.33333206176758,36.666664123535156,39.33333206176758,81000
2021-07-13,38.70000076293945,38.70000076293945,38.666664123535156,38.666664123535156,9000
2021-07-14,38.666664123535156,38.666664123535156,38.666664123535156,38.666664123535156,0
2021-07-15,40.0,40.0,38.266666412353516,38.266666412353516,22500
2021-07-16,38.266666412353516,38.266666412353516,38.03333282470703,38.03333282470703,9000
2021-07-19,38.666664123535156,38.96666717529297,38.666664123535156,38.96666717529297,54000
2021-07-20,38.06666564941406,38.06666564941406,36.0,36.0,22500
2021-07-22,37.166664123535156,37.166664123535156,37.166664123535156,37.166664123535156,4500
2021-07-23,36.79999923706055,36.83333206176758,35.36666488647461,35.36666488647461,166500
2021-07-26,35.83333206176758,35.83333206176758,34.666664123535156,35.233333587646484,58500
2021-07-27,35.233333587646484,35.233333587646484,35.233333587646484,35.233333587646484,4500
2021-07-28,35.233333587646484,35.233333587646484,35.233333587646484,35.233333587646484,0
2021-07-29,33.33333206176758,33.666664123535156,32.20000076293945,33.33333206176758,36000
2021-07-30,34.0,34.0,34.0,34.0,4500
2021-08-02,33.33333206176758,33.79999923706055,32.79999923706055,33.0,22500
2021-08-03,33.33333206176758,34.0,33.0,33.0,13500
2021-08-04,32.83333206176758,32.83333206176758,32.36666488647461,32.36666488647461,13500
2021-08-05,32.36666488647461,32.36666488647461,32.36666488647461,32.36666488647461,0
2021-08-06,32.0,32.0,31.366666793823242,31.366666793823242,9000
2021-08-09,30.66666603088379,31.333332061767578,30.03333282470703,30.03333282470703,18000
2021-08-10,29.333332061767578,31.333332061767578,29.333332061767578,29.399999618530273,99000
2021-08-11,29.399999618530273,29.399999618530273,29.399999618530273,29.399999618530273,0
2021-08-12,29.366666793823242,30.0,29.333332061767578,30.0,18000
2021-08-13,30.0,30.0,30.0,30.0,0
2021-08-16,31.333332061767578,31.333332061767578,31.333332061767578,31.333332061767578,4500
2021-08-17,31.333332061767578,31.333332061767578,29.833332061767578,30.0,27000
2021-08-18,30.0,30.0,30.0,30.0,4500
2021-08-20,30.16666603088379,30.16666603088379,29.333332061767578,29.333332061767578,58500
2021-08-23,29.466665267944336,30.100000381469727,29.333332061767578,30.100000381469727,45000
2021-08-24,30.100000381469727,30.100000381469727,30.100000381469727,30.100000381469727,0
2021-08-25,30.100000381469727,30.100000381469727,30.100000381469727,30.100000381469727,0
2021-08-26,29.66666603088379,29.66666603088379,29.333332061767578,29.333332061767578,63000
2021-08-27,30.66666603088379,31.333332061767578,30.66666603088379,31.333332061767578,288000
2021-08-30,30.66666603088379,30.66666603088379,30.03333282470703,30.03333282470703,9000
2021-08-31,30.03333282470703,30.03333282470703,30.03333282470703,30.03333282470703,0
2021-09-01,30.0,30.333332061767578,30.0,30.333332061767578,13500
2021-09-02,30.333332061767578,30.333332061767578,30.333332061767578,30.333332061767578,0
2021-09-03,29.66666603088379,29.66666603088379,29.66666603088379,29.66666603088379,9000
2021-09-06,29.66666603088379,31.333332061767578,29.66666603088379,30.0,153000
2021-09-07,30.0,30.0,30.0,30.0,0
2021-09-08,31.966665267944336,31.966665267944336,31.299999237060547,31.66666603088379,243000
2021-09-09,31.66666603088379,32.0,31.66666603088379,32.0,13500
2021-09-13,32.666664123535156,33.33333206176758,32.666664123535156,32.666664123535156,54000
2021-09-14,32.0,33.0,32.0,33.0,94500
2021-09-15,31.433332443237305,32.666664123535156,31.433332443237305,32.666664123535156,9000
2021-09-16,33.33333206176758,33.33333206176758,33.06666564941406,33.29999923706055,13500
2021-09-17,32.666664123535156,32.666664123535156,32.666664123535156,32.666664123535156,4500
2021-09-20,33.0,33.0,33.0,33.0,135000
2021-09-21,33.33333206176758,33.33333206176758,32.0,32.0,9000
2021-09-22,32.06666564941406,32.06666564941406,32.03333282470703,32.03333282470703,9000
2021-09-23,33.33333206176758,33.400001525878906,33.33333206176758,33.400001525878906,13500
2021-09-24,34.0,34.666664123535156,34.0,34.666664123535156,13500
2021-09-27,34.0,35.33333206176758,34.0,35.33333206176758,9000
2021-09-28,35.33333206176758,35.33333206176758,35.33333206176758,35.33333206176758,0
2021-09-29,34.06666564941406,34.06666564941406,33.33333206176758,33.33333206176758,22500
2021-09-30,34.666664123535156,34.666664123535156,34.666664123535156,34.666664123535156,4500
2021-10-01,34.666664123535156,34.666664123535156,34.666664123535156,34.666664123535156,0
2021-10-04,34.666664123535156,34.666664123535156,34.666664123535156,34.666664123535156,0
2021-10-05,34.666664123535156,34.666664123535156,34.666664123535156,34.666664123535156,0
2021-10-06,33.33333206176758,33.33333206176758,33.33333206176758,33.33333206176758,4500
2021-10-07,33.33333206176758,33.33333206176758,33.33333206176758,33.33333206176758,0
2021-10-08,33.33333206176758,33.33333206176758,33.33333206176758,33.33333206176758,0
2021-10-11,33.33333206176758,33.33333206176758,33.33333206176758,33.33333206176758,0
2021-10-12,33.33333206176758,34.0,33.33333206176758,34.0,22500
2021-10-13,34.0,34.0,34.0,34.0,0
2021-10-14,34.0,38.666664123535156,34.0,38.666664123535156,49500
2021-10-18,39.83333206176758,43.33333206176758,39.83333206176758,42.666664123535156,67500
2021-10-19,42.666664123535156,42.666664123535156,42.666664123535156,42.666664123535156,0
2021-10-20,42.666664123535156,42.666664123535156,42.666664123535156,42.666664123535156,0
2021-10-21,41.33333206176758,41.33333206176758,41.33333206176758,41.33333206176758,4500
2021-10-22,40.03333282470703,41.233333587646484,40.0,41.233333587646484,22500
2021-10-25,41.233333587646484,41.233333587646484,41.233333587646484,41.233333587646484,0
2021-10-26,40.0,40.0,40.0,40.0,4500
2021-10-27,40.0,40.0,40.0,40.0,0
2021-10-28,39.33333206176758,39.33333206176758,39.33333206176758,39.33333206176758,9000
2021-10-29,38.666664123535156,38.666664123535156,38.666664123535156,38.666664123535156,4500
2021-11-01,38.666664123535156,38.666664123535156,38.0,38.0,9000
2021-11-02,38.0,38.0,38.0,38.0,0
2021-11-03,37.33333206176758,37.33333206176758,37.0,37.0,13500
2021-11-04,37.33333206176758,40.666664123535156,37.33333206176758,40.33333206176758,31500
2021-11-08,38.666664123535156,38.666664123535156,38.0,38.0,13500
2021-11-09,37.33333206176758,38.0,37.33333206176758,38.0,9000
2021-11-10,38.0,38.0,38.0,38.0,0
2021-11-11,38.0,38.0,38.0,38.0,0
2021-11-12,37.33333206176758,37.33333206176758,37.33333206176758,37.33333206176758,4500
2021-11-15,37.33333206176758,37.33333206176758,37.33333206176758,37.33333206176758,0
2021-11-16,37.33333206176758,37.33333206176758,37.33333206176758,37.33333206176758,0
2021-11-17,37.33333206176758,37.33333206176758,37.33333206176758,37.33333206176758,0
2021-11-18,37.33333206176758,37.33333206176758,37.33333206176758,37.33333206176758,0
2021-11-22,37.33333206176758,37.33333206176758,37.33333206176758,37.33333206176758,9000
2021-11-23,37.33333206176758,37.33333206176758,37.33333206176758,37.33333206176758,0
2021-11-24,37.33333206176758,37.33333206176758,37.33333206176758,37.33333206176758,0
2021-11-25,38.666664123535156,40.20000076293945,38.666664123535156,40.0,31500
2021-11-26,41.33333206176758,41.33333206176758,40.0,40.0,36000
2021-11-29,40.0,40.0,40.0,40.0,4500
2021-11-30,40.0,40.0,40.0,40.0,0
2021-12-01,40.0,40.0,40.0,40.0,0
2021-12-02,40.0,40.0,40.0,40.0,0
2021-12-03,42.666664123535156,43.33333206176758,42.666664123535156,42.666664123535156,18000
2021-12-06,42.666664123535156,44.666664123535156,42.666664123535156,43.33333206176758,27000
2021-12-07,42.666664123535156,42.666664123535156,42.666664123535156,42.666664123535156,4500
2021-12-08,42.666664123535156,42.666664123535156,42.666664123535156,42.666664123535156,0
2021-12-09,42.0,42.0,41.33333206176758,41.33333206176758,13500
2021-12-10,42.666664123535156,42.666664123535156,42.666664123535156,42.666664123535156,4500
2021-12-13,42.666664123535156,42.666664123535156,42.666664123535156,42.666664123535156,0
2021-12-14,42.666664123535156,42.666664123535156,42.666664123535156,42.666664123535156,0
2021-12-15,42.666664123535156,42.666664123535156,42.666664123535156,42.666664123535156,0
2021-12-16,40.666664123535156,40.666664123535156,40.666664123535156,40.666664123535156,4500
2021-12-17,40.666664123535156,40.666664123535156,40.666664123535156,40.666664123535156,0
2021-12-20,40.666664123535156,40.666664123535156,40.666664123535156,40.666664123535156,0
2021-12-21,40.666664123535156,40.666664123535156,40.666664123535156,40.666664123535156,0
2021-12-22,40.666664123535156,40.666664123535156,40.666664123535156,40.666664123535156,0
2021-12-23,38.70000076293945,38.70000076293945,38.70000076293945,38.70000076293945,4500
2021-12-24,40.666664123535156,40.666664123535156,40.0,40.0,9000
2021-12-27,40.0,40.0,40.0,40.0,0
2021-12-28,40.0,40.0,40.0,40.0,0
2021-12-29,40.0,40.0,40.0,40.0,4500
2021-12-30,40.0,40.0,40.0,40.0,0
2021-12-31,39.33333206176758,39.33333206176758,39.33333206176758,39.33333206176758,9000
2022-01-03,40.666664123535156,40.666664123535156,40.666664123535156,40.666664123535156,4500
2022-01-04,40.666664123535156,40.666664123535156,40.666664123535156,40.666664123535156,4500
2022-01-05,40.666664123535156,40.666664123535156,40.666664123535156,40.666664123535156,0
2022-01-06,40.666664123535156,40.666664123535156,40.666664123535156,40.666664123535156,0
2022-01-07,41.33333206176758,41.46666717529297,41.33333206176758,41.46666717529297,9000
2022-01-10,42.666664123535156,43.33333206176758,40.733333587646484,43.33333206176758,31500
2022-01-11,44.666664123535156,48.0,44.666664123535156,47.33333206176758,153000
2022-01-12,48.0,48.666664123535156,44.666664123535156,44.666664123535156,49500
2022-01-13,44.666664123535156,44.666664123535156,44.666664123535156,44.666664123535156,0
2022-01-14,44.666664123535156,44.666664123535156,44.666664123535156,44.666664123535156,0
2022-01-17,44.666664123535156,44.666664123535156,44.666664123535156,44.666664123535156,0
2022-01-18,44.666664123535156,44.666664123535156,44.666664123535156,44.666664123535156,0
2022-01-19,45.33333206176758,45.33333206176758,45.33333206176758,45.33333206176758,18000
2022-01-20,45.33333206176758,45.33333206176758,45.33333206176758,45.33333206176758,4500
2022-01-21,46.666664123535156,47.33333206176758,46.0,46.0,31500
2022-01-24,45.33333206176758,45.33333206176758,43.33333206176758,43.36666488647461,31500
2022-01-25,43.36666488647461,43.36666488647461,43.36666488647461,43.36666488647461,0
2022-01-27,43.33333206176758,43.33333206176758,43.33333206176758,43.33333206176758,4500
2022-01-28,43.33333206176758,43.33333206176758,43.33333206176758,43.33333206176758,0
2022-01-31,43.33333206176758,43.33333206176758,43.33333206176758,43.33333206176758,0
2022-02-01,43.33333206176758,43.33333206176758,43.33333206176758,43.33333206176758,0
2022-02-02,43.33333206176758,43.33333206176758,43.33333206176758,43.33333206176758,0
2022-02-03,43.33333206176758,43.33333206176758,43.33333206176758,43.33333206176758,0
2022-02-04,43.33333206176758,43.33333206176758,43.33333206176758,43.33333206176758,0
2022-02-07,47.33333206176758,47.33333206176758,46.666664123535156,46.666664123535156,9000
2022-02-08,46.0,47.33333206176758,46.0,46.70000076293945,130500
2022-02-09,48.0,48.0,46.666664123535156,47.33333206176758,166500
2022-02-10,46.0,46.0,46.0,46.0,4500
2022-02-11,47.33333206176758,47.33333206176758,47.33333206176758,47.33333206176758,112500
2022-02-14,46.0,46.0,45.33333206176758,45.33333206176758,13500
2022-02-15,45.33333206176758,45.33333206176758,45.33333206176758,45.33333206176758,0
2022-02-16,46.20000076293945,47.33333206176758,46.20000076293945,47.33333206176758,40500
2022-02-17,46.666664123535156,47.33333206176758,46.666664123535156,47.33333206176758,81000
2022-02-18,47.33333206176758,47.33333206176758,47.33333206176758,47.33333206176758,0
2022-02-21,46.0,46.0,46.0,46.0,4500
2022-02-22,46.0,46.0,46.0,46.0,0
2022-02-23,46.0,46.0,46.0,46.0,0
2022-02-24,45.33333206176758,45.33333206176758,44.666664123535156,44.666664123535156,58500
2022-02-25,44.666664123535156,44.666664123535156,44.666664123535156,44.666664123535156,9000
2022-02-28,44.666664123535156,44.666664123535156,44.666664123535156,44.666664123535156,0
2022-03-02,44.0,47.33333206176758,44.0,46.33333206176758,13500
2022-03-03,47.33333206176758,47.33333206176758,46.33333206176758,46.666664123535156,135000
2022-03-04,46.666664123535156,46.666664123535156,46.666664123535156,46.666664123535156,0
2022-03-07,46.666664123535156,46.666664123535156,46.666664123535156,46.666664123535156,0
2022-03-08,45.33333206176758,46.0,45.33333206176758,46.0,9000
2022-03-09,46.0,46.0,46.0,46.0,0
2022-03-10,46.0,46.0,46.0,46.0,0
2022-03-11,45.33333206176758,45.33333206176758,45.33333206176758,45.33333206176758,4500
2022-03-14,45.33333206176758,45.33333206176758,45.33333206176758,45.33333206176758,0
2022-03-15,45.33333206176758,45.33333206176758,45.33333206176758,45.33333206176758,0
2022-03-16,46.666664123535156,48.0,46.666664123535156,47.33333206176758,9000
2022-03-17,46.0,46.666664123535156,46.0,46.666664123535156,94500
2022-03-21,46.666664123535156,46.666664123535156,46.666664123535156,46.666664123535156,0
2022-03-22,47.133331298828125,47.133331298828125,47.133331298828125,47.133331298828125,4500
2022-03-23,47.33333206176758,47.33333206176758,47.33333206176758,47.33333206176758,4500
2022-03-24,47.33333206176758,47.33333206176758,47.33333206176758,47.33333206176758,0
2022-03-25,47.33333206176758,47.33333206176758,47.33333206176758,47.33333206176758,0
2022-03-28,45.33333206176758,45.33333206176758,45.33333206176758,45.33333206176758,4500
2022-03-29,45.400001525878906,45.400001525878906,45.400001525878906,45.400001525878906,58500
2022-03-30,47.33333206176758,52.0,47.33333206176758,47.33333206176758,27000
2022-03-31,46.666664123535156,46.666664123535156,46.0,46.0,13500
2022-04-01,46.0,46.0,46.0,46.0,0
2022-04-04,45.33333206176758,47.33333206176758,45.33333206176758,47.33333206176758,9000
2022-04-05,47.33333206176758,47.33333206176758,47.33333206176758,47.33333206176758,0
2022-04-06,47.33333206176758,47.33333206176758,47.33333206176758,47.33333206176758,4500
2022-04-07,47.33333206176758,47.33333206176758,47.33333206176758,47.33333206176758,0
2022-04-08,47.33333206176758,47.33333206176758,47.33333206176758,47.33333206176758,0
2022-04-11,45.33333206176758,45.33333206176758,45.33333206176758,45.33333206176758,4500
2022-04-12,46.666664123535156,46.666664123535156,46.666664123535156,46.666664123535156,4500
2022-04-13,46.0,47.33333206176758,46.0,47.33333206176758,126000
2022-04-18,47.33333206176758,47.33333206176758,47.33333206176758,47.33333206176758,0
2022-04-19,47.33333206176758,47.33333206176758,47.33333206176758,47.33333206176758,0
2022-04-20,46.0,46.0,46.0,46.0,4500
2022-04-21,46.0,46.0,46.0,46.0,0
2022-04-22,46.0,46.0,46.0,46.0,0
2022-04-25,47.0,47.33333206176758,47.0,47.33333206176758,13500
2022-04-26,48.0,48.0,48.0,48.0,22500
2022-04-27,46.0,46.0,46.0,46.0,4500
2022-04-28,48.0,48.0,48.0,48.0,4500
2022-04-29,48.0,48.0,48.0,48.0,0
2022-05-02,46.0,46.0,46.0,46.0,4500
2022-05-04,47.33333206176758,47.33333206176758,46.06666564941406,46.06666564941406,9000
2022-05-05,45.33333206176758,47.33333206176758,45.33333206176758,47.33333206176758,9000
2022-05-06,46.666664123535156,46.666664123535156,45.33333206176758,46.53333282470703,54000
2022-05-09,46.633331298828125,46.666664123535156,46.633331298828125,46.666664123535156,13500
2022-05-10,46.0,46.0,46.0,46.0,4500
2022-05-11,46.0,46.0,46.0,46.0,9000
2022-05-12,46.0,46.0,46.0,46.0,0
2022-05-13,46.0,46.0,46.0,46.0,0
2022-05-16,48.0,48.0,48.0,48.0,9000
2022-05-17,47.46666717529297,47.46666717529297,47.46666717529297,47.46666717529297,67500
2022-05-18,47.46666717529297,47.46666717529297,47.46666717529297,47.46666717529297,0
2022-05-19,46.666664123535156,46.666664123535156,46.33333206176758,46.33333206176758,9000
2022-05-20,46.33333206176758,46.33333206176758,46.33333206176758,46.33333206176758,0
2022-05-23,46.33333206176758,46.33333206176758,46.33333206176758,46.33333206176758,0
2022-05-24,46.33333206176758,46.33333206176758,46.33333206176758,46.33333206176758,0
2022-05-25,46.33333206176758,46.33333206176758,46.33333206176758,46.33333206176758,0
2022-05-26,46.733333587646484,46.733333587646484,46.733333587646484,46.733333587646484,13500
2022-05-27,46.099998474121094,47.93333435058594,46.0,46.96666717529297,22500
2022-05-30,48.0,48.0,48.0,48.0,4500
2022-05-31,48.0,48.0,48.0,48.0,0
2022-06-01,48.0,48.0,48.0,48.0,4500
2022-06-02,48.0,48.666664123535156,48.0,48.666664123535156,13500
2022-06-03,48.666664123535156,48.666664123535156,48.666664123535156,48.666664123535156,0
2022-06-06,49.33333206176758,49.33333206176758,49.33333206176758,49.33333206176758,4500
2022-06-07,49.33333206176758,49.33333206176758,49.33333206176758,49.33333206176758,0
2022-06-08,47.400001525878906,47.400001525878906,47.33333206176758,47.33333206176758,9000
2022-06-09,47.33333206176758,47.33333206176758,47.33333206176758,47.33333206176758,0
2022-06-10,46.666664123535156,46.666664123535156,46.666664123535156,46.666664123535156,4500
2022-06-13,46.0,46.0,46.0,46.0,4500
2022-06-14,46.0,46.0,46.0,46.0,0
2022-06-15,46.0,46.0,45.666664123535156,45.666664123535156,9000
2022-06-16,45.33333206176758,45.33333206176758,45.33333206176758,45.33333206176758,13500
2022-06-17,45.33333206176758,45.33333206176758,45.33333206176758,45.33333206176758,0
2022-06-20,44.666664123535156,44.666664123535156,44.666664123535156,44.666664123535156,13500
2022-06-21,44.666664123535156,44.666664123535156,44.666664123535156,44.666664123535156,9000
2022-06-22,44.666664123535156,45.33333206176758,44.666664123535156,45.33333206176758,9000
2022-06-23,47.266666412353516,47.266666412353516,47.266666412353516,47.266666412353516,9000
2022-06-24,47.33333206176758,47.83333206176758,46.666664123535156,47.83333206176758,18000
2022-06-27,48.5,48.5,48.5,48.5,13500
2022-06-28,48.5,48.5,48.5,48.5,0
2022-06-29,48.5,48.5,48.5,48.5,0
2022-06-30,48.5,48.5,48.5,48.5,0
2022-07-01,46.666664123535156,46.666664123535156,46.666664123535156,46.666664123535156,4500
2022-07-04,46.666664123535156,46.666664123535156,46.666664123535156,46.666664123535156,0
2022-07-05,48.666664123535156,56.0,48.666664123535156,52.29999923706055,441000
2022-07-06,54.666664123535156,62.733333587646484,54.666664123535156,59.86666488647461,630000
2022-07-07,70.53333282470703,70.53333282470703,63.36666488647461,64.23332977294922,468000
2022-07-08,65.33333587646484,65.53333282470703,63.33333206176758,64.46666717529297,108000
2022-07-11,63.46666717529297,64.0,62.666664123535156,62.70000076293945,58500
2022-07-12,62.0,62.0,59.33333206176758,59.33333206176758,18000
2022-07-13,60.666664123535156,61.599998474121094,60.0,60.46666717529297,54000
2022-07-14,60.666664123535156,63.666664123535156,58.06666564941406,62.79999923706055,211500
2022-07-15,65.0,67.5999984741211,64.13333129882812,65.76666259765625,184500
2022-07-18,67.0,67.0,66.06666564941406,66.96666717529297,81000
2022-07-19,65.19999694824219,66.33333587646484,65.0,65.46666717529297,40500
2022-07-20,66.5999984741211,66.5999984741211,64.66666412353516,65.33333587646484,40500
2022-07-21,65.96666717529297,75.23332977294922,65.66666412353516,73.56666564941406,297000
2022-07-22,76.96666717529297,76.96666717529297,72.66666412353516,73.30000305175781,121500
2022-07-25,77.0,77.0,73.53333282470703,76.66666412353516,58500
2022-07-26,76.66666412353516,77.66666412353516,74.66666412353516,74.66666412353516,36000
2022-07-27,74.66666412353516,74.66666412353516,74.0,74.0,13500
2022-07-28,73.36666870117188,75.19999694824219,73.36666870117188,74.26666259765625,13500
2022-07-29,76.0,77.30000305175781,73.33333587646484,73.66666412353516,63000
2022-08-01,76.5999984741211,76.5999984741211,75.33333587646484,75.33333587646484,18000
2022-08-02,75.33333587646484,75.33333587646484,73.19999694824219,73.33333587646484,36000
2022-08-03,73.30000305175781,73.33333587646484,72.63333129882812,73.16666412353516,31500
2022-08-04,74.66666412353516,74.66666412353516,72.66666412353516,72.66666412353516,9000
2022-08-05,72.0,72.0,72.0,72.0,9000
2022-08-08,72.0,72.0,70.66666412353516,71.96666717529297,67500
2022-08-10,70.66666412353516,70.66666412353516,70.66666412353516,70.66666412353516,4500
2022-08-11,71.33333587646484,71.33333587646484,71.33333587646484,71.33333587646484,4500
2022-08-12,71.33333587646484,71.33333587646484,71.33333587646484,71.33333587646484,0
2022-08-16,72.53333282470703,74.0,72.53333282470703,74.0,9000
2022-08-17,75.26666259765625,75.33333587646484,74.66666412353516,75.13333129882812,18000
2022-08-18,74.0,74.0,74.0,74.0,4500
2022-08-19,74.0,74.66666412353516,74.0,74.0,18000
2022-08-22,75.96666717529297,76.69999694824219,73.4000015258789,74.86666870117188,72000
2022-08-23,74.33333587646484,76.0,74.33333587646484,75.96666717529297,13500
2022-08-24,78.33333587646484,78.33333587646484,73.86666870117188,74.5,63000
2022-08-25,73.36666870117188,73.5,72.83333587646484,72.83333587646484,18000
2022-08-26,72.16666412353516,72.16666412353516,72.16666412353516,72.16666412353516,4500
2022-08-29,75.16666412353516,75.16666412353516,75.16666412353516,75.16666412353516,9000
2022-08-30,75.16666412353516,82.66666412353516,75.16666412353516,82.66666412353516,67500
2022-09-01,87.33333587646484,90.93333435058594,86.66666412353516,86.66666412353516,103500
2022-09-02,85.0,90.63333129882812,85.0,89.33333587646484,58500
2022-09-05,89.66666412353516,92.66666412353516,89.66666412353516,90.0,27000
2022-09-06,88.06666564941406,89.33333587646484,84.73332977294922,88.5,54000
2022-09-07,84.73332977294922,88.5,84.66666412353516,88.26666259765625,40500
2022-09-08,90.66666412353516,92.0,86.66666412353516,91.33333587646484,45000
2022-09-09,88.66666412353516,90.0,88.66666412353516,90.0,13500
2022-09-12,97.33333587646484,97.33333587646484,88.0,88.63333129882812,157500
2022-09-13,86.66666412353516,86.66666412353516,84.0,84.0,13500
2022-09-14,85.0,92.4000015258789,85.0,92.4000015258789,18000
2022-09-15,97.94999694824219,100.0,92.0,94.3499984741211,58500
2022-09-16,92.0,93.0,88.05000305175781,93.0,27000
2022-09-19,92.0,92.0,84.5,89.44999694824219,31500
2022-09-20,84.0,85.94999694824219,84.0,85.94999694824219,13500
2022-09-21,82.0,82.0,77.4000015258789,77.4000015258789,81000
2022-09-22,74.94999694824219,75.0,74.94999694824219,75.0,13500
2022-09-23,73.0999984741211,73.0999984741211,70.0999984741211,70.0999984741211,13500
2022-09-26,70.0,70.0,69.05000305175781,69.05000305175781,9000
2022-09-27,71.0,71.0,71.0,71.0,4500
2022-09-28,71.0999984741211,71.0999984741211,70.05000305175781,70.05000305175781,13500
2022-09-29,70.0,70.0,69.0,69.0,9000
2022-09-30,70.0,70.0,70.0,70.0,4500
2022-10-03,69.05000305175781,69.05000305175781,69.05000305175781,69.05000305175781,4500
2022-10-04,69.0,69.0,65.5999984741211,65.5999984741211,22500
2022-10-06,65.5999984741211,65.5999984741211,65.5999984741211,65.5999984741211,0
2022-10-07,66.5,68.0,66.5,68.0,45000
2022-10-10,69.0,69.0,69.0,69.0,18000
2022-10-11,70.0,72.44999694824219,70.0,72.44999694824219,31500
2022-10-12,72.44999694824219,72.44999694824219,72.44999694824219,72.44999694824219,0
2022-10-13,72.19999694824219,72.19999694824219,72.19999694824219,72.19999694824219,4500
2022-10-14,72.19999694824219,72.19999694824219,72.19999694824219,72.19999694824219,0
2022-10-17,72.19999694824219,72.19999694824219,72.19999694824219,72.19999694824219,0
2022-10-18,74.0,74.0,74.0,74.0,4500
2022-10-19,74.0,74.0,74.0,74.0,0
2022-10-20,74.0,74.0,74.0,74.0,0
2022-10-21,71.0,71.0,70.30000305175781,70.6500015258789,9000
2022-10-24,70.6500015258789,70.6500015258789,70.6500015258789,70.6500015258789,0
2022-10-25,70.19999694824219,70.19999694824219,70.19999694824219,70.19999694824219,4500
2022-10-27,67.0,67.0,66.69999694824219,66.69999694824219,18000
2022-10-28,64.0,67.5,64.0,67.5,9000
2022-10-31,67.5,67.5,67.5,67.5,4500
2022-11-01,66.0,66.0,66.0,66.0,4500
2022-11-02,69.30000305175781,69.30000305175781,69.30000305175781,69.30000305175781,4500
2022-11-03,69.30000305175781,69.30000305175781,69.30000305175781,69.30000305175781,0
2022-11-04,67.5,70.5,67.5,70.5,9000
2022-11-07,74.0,74.0,74.0,74.0,36000
2022-11-09,74.05000305175781,74.0999984741211,74.05000305175781,74.0999984741211,9000
2022-11-10,73.0,73.0,73.0,73.0,4500
2022-11-11,73.0,73.0,73.0,73.0,0
2022-11-14,73.0,73.0,73.0,73.0,0
2022-11-15,71.0999984741211,74.0,71.0999984741211,74.0,13500
2022-11-16,71.5,71.5,71.0,71.25,9000
2022-11-17,71.25,71.25,71.25,71.25,0
2022-11-18,71.25,71.25,71.25,71.25,0
2022-11-21,72.0,72.0,72.0,72.0,4500
2022-11-22,72.0,72.0,72.0,72.0,0
2022-11-23,72.0,72.0,72.0,72.0,0
2022-11-24,72.0,72.0,72.0,72.0,0
2022-11-25,72.25,75.0,72.0999984741211,75.0,22500
2022-11-28,78.75,78.75,78.75,78.75,13087
2022-11-29,82.6500015258789,82.6500015258789,74.8499984741211,74.9000015258789,121617
2022-11-30,72.0,76.30000305175781,72.0,72.55000305175781,15767
2022-12-01,75.0,75.0,72.0999984741211,73.25,11763
2022-12-02,74.0,74.0,71.5999984741211,71.75,8000
2022-12-05,75.25,75.25,71.5,71.94999694824219,3834
2022-12-06,73.94999694824219,73.94999694824219,68.4000015258789,68.4000015258789,23256
2022-12-07,69.55000305175781,69.55000305175781,61.599998474121094,63.04999923706055,22416
2022-12-08,63.0,69.3499984741211,62.849998474121094,68.9000015258789,47870
2022-12-09,70.0,70.0,62.900001525878906,63.349998474121094,31854
2022-12-12,68.8499984741211,68.8499984741211,60.0,60.900001525878906,20504
2022-12-13,61.95000076293945,63.75,58.900001525878906,59.349998474121094,26306
2022-12-14,61.349998474121094,61.5,58.0,59.79999923706055,11362
2022-12-15,58.5,60.0,57.349998474121094,58.29999923706055,12104
2022-12-16,57.95000076293945,59.900001525878906,57.20000076293945,58.79999923706055,8080
2022-12-19,62.0,62.0,57.599998474121094,59.25,8803
2022-12-20,59.400001525878906,60.0,58.650001525878906,58.95000076293945,8103
2022-12-21,61.349998474121094,61.349998474121094,53.099998474121094,54.79999923706055,20524
2022-12-22,55.0,57.150001525878906,52.099998474121094,53.5,27365
2022-12-23,56.79999923706055,56.849998474121094,50.29999923706055,51.849998474121094,19043
2022-12-26,52.79999923706055,54.95000076293945,49.650001525878906,54.79999923706055,5533
2022-12-27,56.0,56.95000076293945,53.0,56.349998474121094,6210
2022-12-28,55.95000076293945,57.45000076293945,55.150001525878906,56.400001525878906,4426
2022-12-29,56.45000076293945,59.400001525878906,56.0,57.04999923706055,6577
2022-12-30,61.75,61.75,56.5,59.849998474121094,16284
2023-01-02,58.0,65.0,58.0,63.75,15981
2023-01-03,65.0,66.6500015258789,62.5,63.849998474121094,43717
2023-01-04,64.1500015258789,64.8499984741211,63.5,64.5999984741211,8088
2023-01-05,65.9000015258789,65.9000015258789,62.5,63.349998474121094,8440
2023-01-06,64.6500015258789,64.6500015258789,61.150001525878906,63.29999923706055,14308
2023-01-09,66.5,66.5,62.5,63.0,6187
2023-01-10,63.95000076293945,64.5,62.0,63.5,11215
2023-01-11,65.3499984741211,66.19999694824219,61.54999923706055,63.099998474121094,5237
2023-01-12,65.9000015258789,65.9000015258789,62.04999923706055,62.75,3212
2023-01-13,63.54999923706055,65.44999694824219,63.0,64.94999694824219,32523
2023-01-16,66.9000015258789,68.55000305175781,63.349998474121094,64.9000015258789,13079
2023-01-17,67.9000015258789,67.9000015258789,64.0,64.1500015258789,10248
2023-01-18,65.0,65.0,63.25,63.95000076293945,10782
2023-01-19,65.0,67.8499984741211,63.04999923706055,64.94999694824219,20277
2023-01-20,65.0999984741211,66.5,63.29999923706055,63.95000076293945,16895
2023-01-23,65.30000305175781,66.30000305175781,63.5,63.599998474121094,10674
2023-01-24,63.150001525878906,66.5,63.150001525878906,64.5,17584
2023-01-25,66.3499984741211,66.3499984741211,63.45000076293945,65.25,16427
2023-01-27,67.19999694824219,67.19999694824219,60.099998474121094,60.79999923706055,18569
2023-01-30,61.849998474121094,63.79999923706055,59.0,63.099998474121094,30758
2023-01-31,65.25,65.25,61.099998474121094,62.29999923706055,22109
2023-02-01,64.5,64.5,61.0,62.400001525878906,13505
2023-02-02,64.1500015258789,64.1500015258789,61.099998474121094,62.04999923706055,13469
2023-02-03,62.25,65.1500015258789,61.5,63.099998474121094,12956
2023-02-06,61.400001525878906,63.349998474121094,61.0,61.45000076293945,25904
2023-02-07,61.95000076293945,63.400001525878906,61.04999923706055,62.150001525878906,11737
2023-02-08,62.650001525878906,63.900001525878906,61.599998474121094,62.75,21248
2023-02-09,63.900001525878906,73.05000305175781,62.0,64.1500015258789,147424
2023-02-10,64.44999694824219,65.0,62.95000076293945,64.25,12825
2023-02-13,68.0,68.0,62.5,63.0,8157
2023-02-14,62.150001525878906,64.05000305175781,62.0,62.099998474121094,8329
2023-02-15,62.150001525878906,64.75,60.0,60.349998474121094,9385
2023-02-16,59.349998474121094,61.900001525878906,59.349998474121094,60.75,9378
2023-02-17,60.95000076293945,61.900001525878906,58.599998474121094,60.849998474121094,15517
2023-02-20,61.150001525878906,63.75,58.0,58.54999923706055,5919
2023-02-21,59.0,59.54999923706055,58.0,58.0,6141
2023-02-22,58.0,58.650001525878906,56.25,57.29999923706055,13766
2023-02-23,58.150001525878906,58.150001525878906,56.0,56.349998474121094,3765
2023-02-24,58.900001525878906,58.900001525878906,56.29999923706055,56.95000076293945,651
2023-02-27,57.04999923706055,57.5,55.099998474121094,55.349998474121094,17647
2023-02-28,55.400001525878906,57.0,55.25,55.400001525878906,13348
2023-03-01,56.95000076293945,59.400001525878906,55.5,56.400001525878906,22353
2023-03-02,57.54999923706055,58.45000076293945,55.25,56.099998474121094,6153
2023-03-03,56.599998474121094,57.5,54.0,54.849998474121094,9376
2023-03-06,55.79999923706055,57.20000076293945,55.25,56.349998474121094,4751
2023-03-08,56.29999923706055,56.900001525878906,54.599998474121094,55.5,13117
2023-03-09,55.29999923706055,56.650001525878906,54.5,54.650001525878906,5671
2023-03-10,56.25,56.900001525878906,53.099998474121094,53.5,15426
2023-03-13,54.95000076293945,55.0,53.099998474121094,53.150001525878906,1470
2023-03-14,54.900001525878906,54.900001525878906,52.25,52.45000076293945,4728
2023-03-15,52.45000076293945,54.45000076293945,51.25,52.54999923706055,6868
2023-03-16,54.400001525878906,54.400001525878906,48.29999923706055,49.5,8826
2023-03-17,49.29999923706055,52.75,49.29999923706055,52.0,21006
2023-03-20,52.29999923706055,52.95000076293945,50.099998474121094,50.650001525878906,16918
2023-03-21,51.650001525878906,51.900001525878906,49.20000076293945,50.150001525878906,25771
2023-03-22,51.150001525878906,56.900001525878906,49.650001525878906,50.04999923706055,108681
2023-03-23,51.04999923706055,51.70000076293945,47.29999923706055,48.75,10733
2023-03-24,49.900001525878906,50.349998474121094,46.150001525878906,46.650001525878906,5655
2023-03-27,48.79999923706055,48.79999923706055,43.400001525878906,44.95000076293945,28174
2023-03-28,45.95000076293945,46.900001525878906,42.0,43.0,58627
2023-03-29,44.75,45.0,41.849998474121094,43.349998474121094,140437
2023-03-31,47.29999923706055,47.29999923706055,42.5,43.400001525878906,22815
2023-04-03,44.849998474121094,49.900001525878906,43.099998474121094,47.04999923706055,27119
2023-04-05,48.0,48.75,47.04999923706055,47.79999923706055,47025
2023-04-06,48.099998474121094,50.849998474121094,47.849998474121094,48.54999923706055,35746
2023-04-10,49.70000076293945,58.25,49.70000076293945,58.25,187328
2023-04-11,65.0,66.1500015258789,59.25,60.900001525878906,188586
2023-04-12,60.900001525878906,61.25,57.0,57.599998474121094,25210
2023-04-13,57.650001525878906,57.849998474121094,53.150001525878906,54.150001525878906,23126
2023-04-17,54.04999923706055,56.70000076293945,54.0,56.5,13129
2023-04-18,57.79999923706055,58.45000076293945,55.45000076293945,56.900001525878906,9315
2023-04-19,57.900001525878906,57.900001525878906,54.400001525878906,55.400001525878906,5523
2023-04-20,56.900001525878906,56.900001525878906,52.0,53.400001525878906,10553
2023-04-21,53.45000076293945,54.29999923706055,50.54999923706055,51.45000076293945,6925
2023-04-24,53.900001525878906,53.900001525878906,51.0,51.400001525878906,7488
2023-04-25,52.849998474121094,53.900001525878906,51.45000076293945,53.04999923706055,7407
2023-04-26,55.04999923706055,55.04999923706055,51.04999923706055,53.45000076293945,38616
2023-04-27,54.5,56.900001525878906,52.650001525878906,56.150001525878906,38734
2023-04-28,56.79999923706055,59.900001525878906,56.75,58.25,29160
2023-05-02,58.25,60.400001525878906,57.29999923706055,59.75,16469
2023-05-03,59.75,59.75,56.400001525878906,57.0,11269
2023-05-04,58.0,58.0,53.75,54.54999923706055,13487
2023-05-05,55.650001525878906,56.349998474121094,52.29999923706055,53.79999923706055,33861
2023-05-08,54.150001525878906,58.900001525878906,54.150001525878906,57.04999923706055,21148
2023-05-09,60.0,60.900001525878906,57.25,59.70000076293945,38472
2023-05-10,59.0,61.0,57.5,57.849998474121094,16239
2023-05-11,57.70000076293945,59.900001525878906,56.099998474121094,57.54999923706055,8087
2023-05-12,57.54999923706055,59.70000076293945,56.599998474121094,57.04999923706055,13078
2023-05-15,57.0,60.900001525878906,56.20000076293945,60.25,12958
2023-05-16,61.5,71.9000015258789,61.20000076293945,63.54999923706055,117343
2023-05-17,66.0,66.0,61.0,62.650001525878906,27760
2023-05-18,62.5,63.75,60.5,61.29999923706055,9477
2023-05-19,63.400001525878906,66.6500015258789,60.0,60.29999923706055,10724
2023-05-22,63.0,63.0,57.04999923706055,57.650001525878906,14405
2023-05-23,60.0,60.0,55.349998474121094,56.54999923706055,15965
2023-05-24,58.0,59.45000076293945,57.0,58.150001525878906,4801
2023-05-25,60.0,60.0,57.900001525878906,59.150001525878906,4867
2023-05-26,59.099998474121094,59.150001525878906,56.25,57.29999923706055,11025
2023-05-29,58.5,58.599998474121094,56.04999923706055,56.849998474121094,8270
2023-05-30,58.95000076293945,59.900001525878906,55.150001525878906,55.95000076293945,70286
2023-05-31,56.04999923706055,57.599998474121094,55.349998474121094,57.45000076293945,8625
2023-06-01,58.900001525878906,58.900001525878906,57.0,57.650001525878906,4107
2023-06-02,58.54999923706055,58.900001525878906,56.25,57.25,3206
2023-06-05,58.900001525878906,58.900001525878906,54.95000076293945,56.04999923706055,9898
2023-06-06,56.900001525878906,58.20000076293945,56.29999923706055,57.400001525878906,5386
2023-06-07,58.150001525878906,58.20000076293945,56.54999923706055,57.0,2657
2023-06-08,56.349998474121094,58.400001525878906,56.29999923706055,56.400001525878906,6725
2023-06-09,58.20000076293945,58.79999923706055,54.650001525878906,55.400001525878906,14566
2023-06-12,56.95000076293945,57.29999923706055,54.599998474121094,54.95000076293945,18728
2023-06-13,56.04999923706055,56.04999923706055,54.29999923706055,54.54999923706055,16130
2023-06-14,54.95000076293945,55.349998474121094,54.29999923706055,54.70000076293945,5127
2023-06-15,54.75,55.75,54.20000076293945,54.95000076293945,6245
2023-06-16,55.70000076293945,55.70000076293945,53.25,53.900001525878906,10088
2023-06-19,54.29999923706055,55.599998474121094,52.5,53.400001525878906,10887
2023-06-20,53.900001525878906,54.75,52.79999923706055,53.20000076293945,12242
2023-06-21,53.70000076293945,54.04999923706055,52.0,52.45000076293945,15464
2023-06-22,52.5,53.650001525878906,50.70000076293945,51.20000076293945,9231
2023-06-23,53.04999923706055,61.400001525878906,52.099998474121094,58.54999923706055,361416
2023-06-26,58.29999923706055,58.900001525878906,54.54999923706055,55.54999923706055,49303
2023-06-27,55.900001525878906,56.54999923706055,54.599998474121094,55.349998474121094,23266
2023-06-28,57.45000076293945,57.45000076293945,52.650001525878906,53.75,20925
2023-06-30,55.0,56.0,52.20000076293945,55.0,146530
2023-07-03,53.599998474121094,55.5,53.599998474121094,54.900001525878906,16292
2023-07-04,54.70000076293945,57.0,53.25,55.70000076293945,16190
2023-07-05,55.5,57.5,53.75,55.25,34151
2023-07-06,54.70000076293945,56.54999923706055,53.20000076293945,54.20000076293945,35866
2023-07-07,54.25,55.599998474121094,53.5,54.099998474121094,9904
2023-07-10,55.5,55.95000076293945,53.0,54.099998474121094,13462
2023-07-11,53.54999923706055,54.95000076293945,53.04999923706055,53.349998474121094,9491
2023-07-12,53.54999923706055,54.900001525878906,51.849998474121094,53.75,11940
2023-07-13,53.25,54.20000076293945,52.04999923706055,53.150001525878906,8813
2023-07-14,52.25,54.79999923706055,52.25,53.95000076293945,10672
2023-07-17,53.25,54.75,51.54999923706055,51.79999923706055,38540
2023-07-18,51.650001525878906,53.79999923706055,51.29999923706055,52.70000076293945,42746
2023-07-19,53.5,53.5,51.75,52.04999923706055,15083
2023-07-20,53.70000076293945,62.0,51.70000076293945,56.650001525878906,365822
2023-07-21,55.0,57.29999923706055,53.0,54.099998474121094,64139
2023-07-24,54.849998474121094,55.5,53.5,53.54999923706055,36356
2023-07-25,54.0,54.45000076293945,51.900001525878906,52.25,27035
2023-07-26,52.400001525878906,54.900001525878906,52.400001525878906,53.5,14863
2023-07-27,53.0,54.54999923706055,52.150001525878906,53.650001525878906,11476
2023-07-28,53.650001525878906,53.900001525878906,53.0,53.400001525878906,4135
2023-07-31,53.849998474121094,54.79999923706055,53.150001525878906,54.099998474121094,11830
2023-08-01,53.599998474121094,54.29999923706055,53.0,53.45000076293945,7006
2023-08-02,54.900001525878906,54.900001525878906,52.599998474121094,53.79999923706055,11841
2023-08-03,54.45000076293945,55.0,52.75,54.20000076293945,13086
2023-08-04,55.20000076293945,55.45000076293945,53.70000076293945,55.20000076293945,7980
2023-08-07,55.150001525878906,56.0,54.04999923706055,55.20000076293945,29068
2023-08-08,55.45000076293945,55.45000076293945,54.400001525878906,54.650001525878906,6602
2023-08-09,53.79999923706055,55.349998474121094,52.79999923706055,54.900001525878906,17025
2023-08-10,55.0,55.04999923706055,53.099998474121094,53.400001525878906,12801
2023-08-11,53.900001525878906,58.599998474121094,52.650001525878906,53.900001525878906,127978
2023-08-14,53.900001525878906,54.5,52.95000076293945,53.29999923706055,20807
2023-08-16,53.04999923706055,53.5,52.45000076293945,52.650001525878906,17543
2023-08-17,53.29999923706055,53.900001525878906,51.70000076293945,53.099998474121094,26608
2023-08-18,53.849998474121094,54.29999923706055,52.79999923706055,53.04999923706055,7095
2023-08-21,54.29999923706055,54.400001525878906,52.599998474121094,52.849998474121094,7017
2023-08-22,53.900001525878906,53.900001525878906,52.099998474121094,52.29999923706055,16434
2023-08-23,52.650001525878906,58.0,52.349998474121094,52.900001525878906,61905
2023-08-24,54.0,55.900001525878906,52.79999923706055,55.25,71934
2023-08-25,55.0,56.5,55.0,55.400001525878906,40986
2023-08-28,55.900001525878906,56.099998474121094,53.599998474121094,53.95000076293945,26867
2023-08-29,54.04999923706055,54.75,53.54999923706055,54.400001525878906,23174
2023-08-30,54.849998474121094,62.0,54.04999923706055,60.900001525878906,294645
2023-08-31,68.94999694824219,72.0,63.0,64.44999694824219,1482709
2023-09-01,64.5,67.5,64.5,65.5999984741211,102126
2023-09-04,65.5999984741211,68.4000015258789,65.25,65.55000305175781,111530
2023-09-05,67.5,67.5,64.3499984741211,64.6500015258789,37912
2023-09-06,64.6500015258789,66.0,64.55000305175781,64.75,30759
2023-09-07,66.94999694824219,66.94999694824219,60.20000076293945,61.20000076293945,148777
2023-09-08,61.5,64.0,61.5,61.95000076293945,48095
2023-09-11,62.900001525878906,64.0,60.70000076293945,62.400001525878906,36980
2023-09-12,62.400001525878906,62.400001525878906,58.5,59.04999923706055,42005
2023-09-13,59.04999923706055,60.79999923706055,58.20000076293945,59.5,49441
2023-09-14,60.650001525878906,67.0,59.5,61.150001525878906,146256
2023-09-15,61.25,65.75,60.150001525878906,61.29999923706055,61116
2023-09-18,62.900001525878906,65.0,61.400001525878906,61.650001525878906,78334
2023-09-20,61.04999923706055,62.45000076293945,60.5,60.79999923706055,20957
2023-09-21,60.0,62.400001525878906,59.25,59.70000076293945,22158
2023-09-22,60.75,61.45000076293945,59.5,60.5,24330
2023-09-25,61.79999923706055,67.0,59.04999923706055,59.54999923706055,190732
2023-09-26,59.900001525878906,60.70000076293945,57.349998474121094,58.400001525878906,70508
2023-09-27,58.75,59.5,58.400001525878906,59.099998474121094,15697
2023-09-28,59.099998474121094,59.900001525878906,58.0,58.400001525878906,13650
2023-09-29,59.599998474121094,59.599998474121094,56.400001525878906,57.0,34621
2023-10-03,58.599998474121094,58.599998474121094,56.79999923706055,57.20000076293945,19937
2023-10-04,57.45000076293945,58.20000076293945,56.650001525878906,57.20000076293945,12502
2023-10-05,57.45000076293945,58.70000076293945,57.04999923706055,57.95000076293945,22972
2023-10-06,58.900001525878906,58.900001525878906,57.29999923706055,57.900001525878906,27789
2023-10-09,58.0,58.0,56.04999923706055,56.79999923706055,12355
2023-10-10,58.0,59.70000076293945,57.400001525878906,58.04999923706055,33863
2023-10-11,58.900001525878906,60.650001525878906,57.79999923706055,58.349998474121094,77472
2023-10-12,60.0,70.0,59.0,68.8499984741211,1184410
2023-10-13,69.80000305175781,70.5999984741211,66.0999984741211,67.1500015258789,362448
2023-10-16,67.69999694824219,72.0,64.5,66.05000305175781,280057
2023-10-17,67.05000305175781,71.9000015258789,67.05000305175781,68.80000305175781,244931
2023-10-18,69.9000015258789,70.5,67.25,67.69999694824219,124077
2023-10-19,67.1500015258789,69.44999694824219,66.80000305175781,67.8499984741211,42519
2023-10-20,69.0,69.0,67.0,67.30000305175781,60752
2023-10-23,68.0,68.44999694824219,58.79999923706055,61.20000076293945,94011
2023-10-25,61.95000076293945,63.95000076293945,60.099998474121094,60.599998474121094,40746
2023-10-26,60.45000076293945,62.29999923706055,57.099998474121094,59.04999923706055,79962
2023-10-27,61.349998474121094,70.1500015258789,60.400001525878906,64.25,218192
2023-10-30,65.9000015258789,69.9000015258789,61.150001525878906,64.44999694824219,192601
2023-10-31,66.75,68.9000015258789,64.0,66.44999694824219,108268
2023-11-01,66.44999694824219,68.30000305175781,65.75,66.5,46726
2023-11-02,66.69999694824219,67.8499984741211,62.099998474121094,63.5,101135
2023-11-03,65.55000305175781,65.55000305175781,61.79999923706055,62.650001525878906,77212
2023-11-06,63.849998474121094,63.900001525878906,61.400001525878906,63.20000076293945,40224
2023-11-07,63.400001525878906,64.80000305175781,62.5,63.650001525878906,40045
2023-11-08,63.75,65.0999984741211,63.400001525878906,63.95000076293945,28594
2023-11-09,64.9000015258789,66.80000305175781,63.54999923706055,64.8499984741211,39738
2023-11-10,66.0,66.0,63.599998474121094,64.0999984741211,15034
2023-11-13,66.9000015258789,66.9000015258789,64.0,64.75,21690
2023-11-15,66.80000305175781,66.80000305175781,63.54999923706055,64.30000305175781,45759
2023-11-16,65.0,74.3499984741211,64.0999984741211,72.30000305175781,633637
2023-11-17,73.4000015258789,76.0999984741211,72.0999984741211,74.80000305175781,391184
2023-11-20,75.5999984741211,80.9000015258789,74.3499984741211,78.6500015258789,912626
2023-11-21,79.44999694824219,80.5,78.55000305175781,78.80000305175781,235444
2023-11-22,79.5,79.5999984741211,75.80000305175781,77.0,114907
2023-11-23,77.69999694824219,79.9000015258789,76.5999984741211,77.69999694824219,111668
2023-11-24,78.0,78.4000015258789,76.25,76.44999694824219,47370
2023-11-28,75.6500015258789,78.0,74.19999694824219,74.9000015258789,141775
2023-11-29,75.75,77.5,74.30000305175781,76.0999984741211,103523
2023-11-30,76.69999694824219,76.75,74.5,75.1500015258789,66730
2023-12-01,77.4000015258789,77.9000015258789,74.5,74.9000015258789,97696
2023-12-04,75.5,76.5,73.0,73.5,70194
2023-12-05,73.5,74.4000015258789,71.80000305175781,73.19999694824219,45572
2023-12-06,74.5,74.5,72.30000305175781,73.25,46667
2023-12-07,74.0,74.0,72.30000305175781,72.8499984741211,32096
2023-12-08,73.8499984741211,77.0,72.9000015258789,73.1500015258789,44984
2023-12-11,76.3499984741211,84.9000015258789,74.80000305175781,83.0,1415113
2023-12-12,84.0,87.80000305175781,84.0,84.8499984741211,933719
2023-12-13,85.6500015258789,94.3499984741211,81.9000015258789,86.19999694824219,1229740
2023-12-14,86.9000015258789,88.55000305175781,85.19999694824219,86.1500015258789,250837
2023-12-15,86.9000015258789,89.8499984741211,85.0,87.30000305175781,356296
2023-12-18,88.3499984741211,90.55000305175781,86.0999984741211,88.05000305175781,385962
2023-12-19,88.94999694824219,91.75,87.1500015258789,89.5,389947
2023-12-20,90.3499984741211,90.80000305175781,80.1500015258789,81.19999694824219,377746
2023-12-21,80.0,86.5999984741211,79.94999694824219,85.69999694824219,175068
2023-12-22,86.8499984741211,87.94999694824219,83.55000305175781,85.69999694824219,144482
2023-12-26,85.80000305175781,86.5,84.05000305175781,84.4000015258789,58621
2023-12-27,85.19999694824219,86.0,82.0,82.8499984741211,87623
2023-12-28,83.05000305175781,86.0,81.9000015258789,83.55000305175781,81709
2023-12-29,83.94999694824219,84.1500015258789,82.25,83.69999694824219,56761
2024-01-01,83.05000305175781,89.9000015258789,83.05000305175781,86.75,258541
2024-01-02,86.75,93.0,85.80000305175781,91.1500015258789,407909
2024-01-03,91.8499984741211,93.25,89.0,91.69999694824219,226086
2024-01-04,92.5999984741211,92.5999984741211,90.0,92.1500015258789,148153
2024-01-05,93.0,94.3499984741211,90.5,91.80000305175781,112521
2024-01-08,93.69999694824219,99.5999984741211,90.0,97.55000305175781,569165
2024-01-09,98.6500015258789,100.0,94.05000305175781,95.1500015258789,249601
2024-01-10,95.80000305175781,104.94999694824219,92.0999984741211,103.30000305175781,592495
2024-01-11,107.44999694824219,108.0,100.0,101.8499984741211,101451
2024-01-12,103.0,105.4000015258789,99.80000305175781,102.19999694824219,64863
2024-01-15,102.19999694824219,102.19999694824219,102.19999694824219,102.19999694824219,0
2024-01-16,100.0,101.0,94.4000015258789,94.94999694824219,57108
2024-01-17,90.19999694824219,99.5999984741211,90.19999694824219,97.5999984741211,50195
2024-01-18,96.5999984741211,100.0,93.30000305175781,96.94999694824219,31291
2024-01-19,97.0,100.19999694824219,94.30000305175781,98.19999694824219,32504
2024-01-23,101.0,102.0,93.5999984741211,95.0,29039
2024-01-24,96.8499984741211,96.8499984741211,93.5,96.25,19669
2024-01-25,100.19999694824219,100.19999694824219,94.0,96.0999984741211,24806
2024-01-29,95.0,96.69999694824219,94.19999694824219,94.8499984741211,34230
2024-01-30,97.5,97.5,94.8499984741211,95.1500015258789,16516
2024-01-31,96.75,96.75,93.5,95.0999984741211,22595
2024-02-01,93.19999694824219,96.4000015258789,90.3499984741211,92.94999694824219,32100
2024-02-02,92.8499984741211,96.5,92.75,94.5999984741211,31045
2024-02-05,95.6500015258789,99.30000305175781,95.5,97.30000305175781,51308
2024-02-06,97.5,100.80000305175781,97.0,97.19999694824219,33959
2024-02-07,101.9000015258789,101.9000015258789,96.5,100.05000305175781,49828
2024-02-08,101.9000015258789,101.9000015258789,96.0,96.55000305175781,30925
2024-02-09,96.25,99.25,91.75,94.19999694824219,19002
2024-02-12,94.69999694824219,96.30000305175781,89.5,89.6500015258789,24862
2024-02-13,86.25,93.94999694824219,85.19999694824219,92.6500015258789,22452
2024-02-14,91.94999694824219,93.75,88.5,91.1500015258789,12971
2024-02-15,88.30000305175781,94.80000305175781,88.30000305175781,91.1500015258789,10912
2024-02-16,92.9000015258789,94.0,90.0999984741211,92.30000305175781,17540
2024-02-19,92.30000305175781,94.94999694824219,90.05000305175781,92.8499984741211,21089
2024-02-20,92.8499984741211,96.9000015258789,91.3499984741211,94.94999694824219,22195
2024-02-21,94.94999694824219,96.9000015258789,92.0,92.9000015258789,15618
2024-02-22,93.6500015258789,94.69999694824219,90.05000305175781,91.69999694824219,22576
2024-02-23,93.8499984741211,96.25,91.0999984741211,96.25,52911
2024-02-26,99.25,101.05000305175781,98.0,100.0,78291
2024-02-27,98.5,104.9000015258789,98.5,103.4000015258789,111319
2024-02-28,104.8499984741211,108.0999984741211,98.25,98.9000015258789,63037
2024-02-29,102.5,103.5,98.5,103.0999984741211,49916
2024-03-01,106.0999984741211,107.69999694824219,102.0,105.75,35925
2024-03-04,106.0,107.9000015258789,102.19999694824219,102.9000015258789,19518
2024-03-05,105.0,106.0,100.0,103.55000305175781,26611
2024-03-06,100.0,104.0,98.4000015258789,99.69999694824219,32433
2024-03-07,99.69999694824219,102.5,97.25,99.5999984741211,9413
2024-03-11,96.5999984741211,100.94999694824219,94.6500015258789,94.9000015258789,42959
2024-03-12,93.5999984741211,94.0,90.1500015258789,90.69999694824219,36780
2024-03-13,90.30000305175781,92.9000015258789,86.19999694824219,86.19999694824219,28264
2024-03-14,81.9000015258789,90.44999694824219,81.9000015258789,88.55000305175781,18326
2024-03-15,90.19999694824219,92.94999694824219,85.4000015258789,87.30000305175781,12037
2024-03-18,90.80000305175781,90.80000305175781,87.30000305175781,89.0999984741211,6939
2024-03-19,92.4000015258789,92.4000015258789,86.0,86.9000015258789,5635
2024-03-20,85.05000305175781,86.9000015258789,84.5,86.80000305175781,5332
2024-03-21,90.0,90.0,85.30000305175781,88.25,5304
2024-03-22,89.8499984741211,91.75,88.0,88.19999694824219,12154
2024-03-26,88.19999694824219,89.8499984741211,84.25,85.05000305175781,12537
2024-03-27,85.05000305175781,85.5999984741211,82.8499984741211,83.5,17278
2024-03-28,84.25,84.25,81.25,81.9000015258789,25183
2024-04-01,81.5999984741211,85.9000015258789,81.5999984741211,83.3499984741211,37963
2024-04-02,85.05000305175781,86.94999694824219,84.5999984741211,86.9000015258789,8493
2024-04-03,85.19999694824219,89.0,85.0,88.69999694824219,18912
2024-04-04,91.75,92.0,89.0,90.80000305175781,11086
2024-04-05,92.1500015258789,94.0,88.30000305175781,93.6500015258789,9071
2024-04-08,94.5,94.5,89.5,90.8499984741211,27920
2024-04-09,91.9000015258789,93.0,90.0,91.80000305175781,8828
2024-04-10,92.8499984741211,96.3499984741211,92.05000305175781,96.30000305175781,54904
2024-04-12,96.3499984741211,97.4000015258789,93.25,95.30000305175781,19667
2024-04-15,96.9000015258789,99.5,91.8499984741211,93.1500015258789,71755
2024-04-16,92.30000305175781,111.75,91.94999694824219,111.75,1168706
2024-04-18,120.0,134.10000610351562,118.44999694824219,134.10000610351562,1708462
2024-04-19,140.10000610351562,147.0,133.10000610351562,135.0,1286941
2024-04-22,135.0,141.6999969482422,124.5999984741211,136.85000610351562,445291
2024-04-23,136.9499969482422,142.0,132.5,133.4499969482422,158845
2024-04-24,137.0,137.0,129.0,129.60000610351562,87067
2024-04-25,133.0,133.0,119.55000305175781,122.75,195385
2024-04-26,130.0,130.85000610351562,121.19999694824219,122.69999694824219,93572
2024-04-29,123.69999694824219,131.0,121.80000305175781,127.19999694824219,154967
2024-04-30,127.94999694824219,135.85000610351562,127.19999694824219,132.9499969482422,145052
2024-05-02,133.8000030517578,135.5500030517578,128.0,129.1999969482422,56478
2024-05-03,130.4499969482422,132.8000030517578,123.0,128.0500030517578,31168
2024-05-06,128.0,130.85000610351562,121.6500015258789,124.94999694824219,20397
2024-05-07,125.0,128.0,118.69999694824219,121.9000015258789,37779
2024-05-08,120.9000015258789,122.0,117.0,119.0,16880
2024-05-09,120.0,121.0,113.05000305175781,114.1500015258789,32744
2024-05-10,113.5,118.0,111.75,115.0,19075
2024-05-13,118.80000305175781,118.80000305175781,109.25,111.4000015258789,44664
2024-05-14,111.4000015258789,116.0,108.0,110.8499984741211,31632
2024-05-15,111.55000305175781,116.3499984741211,111.55000305175781,115.05000305175781,22437
2024-05-16,119.94999694824219,120.80000305175781,119.94999694824219,120.80000305175781,9131
2024-05-17,126.80000305175781,126.80000305175781,126.80000305175781,126.80000305175781,24411
2024-05-21,130.6999969482422,130.6999969482422,122.69999694824219,126.55000305175781,42512
2024-05-22,124.9000015258789,124.9000015258789,122.19999694824219,123.6500015258789,20446
2024-05-23,121.3499984741211,124.44999694824219,120.0,122.1500015258789,13606
2024-05-24,122.94999694824219,123.1500015258789,117.0,117.55000305175781,33440
2024-05-27,117.0,119.0,113.55000305175781,117.5,16465
2024-05-28,117.5,117.5,112.5,114.4000015258789,31663
2024-05-29,108.69999694824219,108.69999694824219,108.69999694824219,108.69999694824219,23685
2024-05-30,104.9000015258789,108.0,103.30000305175781,103.30000305175781,19782
2024-05-31,98.25,102.55000305175781,98.1500015258789,98.5,49321
2024-06-03,102.69999694824219,103.4000015258789,100.5,103.19999694824219,32444
2024-06-04,104.0,104.0,98.05000305175781,98.44999694824219,28755
2024-06-05,95.0999984741211,101.44999694824219,93.55000305175781,100.3499984741211,15468
2024-06-06,103.3499984741211,104.0,101.0999984741211,103.0,13044
2024-06-07,105.94999694824219,106.0,101.0,104.69999694824219,20191
2024-06-10,107.30000305175781,109.93000030517578,104.69999694824219,109.93000030517578,19761
2024-06-11,112.4000015258789,115.41999816894531,111.0,115.41999816894531,24446
2024-06-12,118.0,121.0,115.0,116.66000366210938,38416
2024-06-13,121.69999694824219,121.69999694824219,113.19999694824219,114.2699966430664,10820
2024-06-14,114.2699966430664,116.5,111.0999984741211,112.19000244140625,9985
2024-06-18,112.19000244140625,116.5,108.2300033569336,111.45999908447266,17099
2024-06-19,113.0,113.94999694824219,109.0,110.31999969482422,14919
2024-06-20,110.5,113.0999984741211,109.0999984741211,112.12000274658203,15166
2024-06-21,112.12000274658203,116.19999694824219,112.0,112.66999816894531,11350
2024-06-24,112.66999816894531,115.5999984741211,110.0999984741211,111.58999633789062,12545
2024-06-25,112.87999725341797,113.3499984741211,110.55000305175781,111.86000061035156,12225
2024-06-26,111.0,112.9000015258789,110.19999694824219,111.41000366210938,9244
2024-06-27,112.5999984741211,112.6500015258789,108.80000305175781,109.37999725341797,10475
2024-06-28,109.0,113.5,109.0,110.66000366210938,22015
2024-07-01,109.0,110.94000244140625,106.69999694824219,108.80999755859375,12530
2024-07-02,109.19999694824219,110.0,105.01000213623047,107.83999633789062,19397
2024-07-03,107.44999694824219,107.44999694824219,105.0,105.77999877929688,15627
2024-07-04,105.20999908447266,105.20999908447266,100.61000061035156,103.19999694824219,27390
2024-07-05,102.9000015258789,105.8499984741211,100.0,103.16000366210938,38026
2024-07-08,103.19999694824219,106.54000091552734,100.0999984741211,104.63999938964844,23060
2024-07-09,105.4000015258789,109.87000274658203,105.30000305175781,109.87000274658203,38375
2024-07-10,113.94999694824219,114.9000015258789,107.0,112.95999908447266,50446
2024-07-11,115.0,115.22000122070312,108.0,110.25,22323
2024-07-12,107.30999755859375,110.9000015258789,107.30999755859375,110.33999633789062,17441
2024-07-15,110.33999633789062,113.0,107.0,108.19999694824219,15135
2024-07-16,108.94999694824219,109.87000274658203,107.0999984741211,109.38999938964844,16836
2024-07-18,112.98999786376953,112.98999786376953,106.5,107.58999633789062,25063
2024-07-19,107.61000061035156,109.98999786376953,105.5,106.69999694824219,12388
2024-07-22,108.30000305175781,112.0,106.80999755859375,109.16999816894531,40414
2024-07-23,110.16999816894531,110.16999816894531,103.70999908447266,105.93000030517578,26158
2024-07-24,109.54000091552734,109.54000091552734,104.0,105.79000091552734,38639
2024-07-25,105.0,108.4800033569336,104.80000305175781,106.0,28483
2024-07-26,106.0,108.5,104.5,105.19000244140625,60937
2024-07-29,103.22000122070312,107.0,103.22000122070312,105.87000274658203,57703
2024-07-30,107.0,111.16000366210938,105.01000213623047,111.16000366210938,78651
2024-07-31,116.16000366210938,116.70999908447266,113.12000274658203,116.70999908447266,50162
2024-08-01,120.0,122.5,115.0999984741211,115.41999816894531,114917
2024-08-02,115.98999786376953,116.0999984741211,112.20999908447266,113.8499984741211,58017
2024-08-05,111.0,113.73999786376953,108.5,109.72000122070312,113335
2024-08-06,111.5,112.5,106.0,107.44999694824219,70853
2024-08-07,110.9000015258789,118.19000244140625,108.94999694824219,118.19000244140625,95475
2024-08-08,124.98999786376953,129.9499969482422,121.0999984741211,122.36000061035156,343982
2024-08-09,122.30000305175781,125.58000183105469,120.0999984741211,122.87000274658203,95424
2024-08-12,122.87000274658203,129.89999389648438,120.19999694824219,122.44999694824219,97735
2024-08-13,125.88999938964844,127.0,117.2300033569336,118.9800033569336,87255
2024-08-14,115.51000213623047,120.75,115.20999908447266,115.81999969482422,31156
2024-08-16,116.0999984741211,119.9000015258789,113.0999984741211,117.16000366210938,56396
2024-08-19,119.97000122070312,122.0,117.02999877929688,118.91999816894531,28622
2024-08-20,120.0,123.5,118.51000213623047,121.69999694824219,43743
2024-08-21,124.0,129.0,121.80999755859375,124.58000183105469,81155
2024-08-22,127.0,127.0,123.0,124.76000213623047,61879
2024-08-23,124.79000091552734,126.4000015258789,123.05000305175781,125.33000183105469,53899
2024-08-26,128.0,129.0,122.3499984741211,123.77999877929688,88110
2024-08-27,124.0,125.83999633789062,121.8499984741211,123.4000015258789,34628
2024-08-28,125.0,125.0,118.19000244140625,119.27999877929688,35299
2024-08-29,120.98999786376953,120.98999786376953,113.61000061035156,115.05000305175781,56033
2024-08-30,116.5,118.75,116.0999984741211,117.43000030517578,29691
2024-09-02,116.01000213623047,129.1699981689453,116.01000213623047,122.1500015258789,275589
2024-09-03,122.0,122.1500015258789,118.0,119.2300033569336,79256
2024-09-04,118.9000015258789,126.55000305175781,115.61000061035156,124.08000183105469,107329
2024-09-05,125.94999694824219,136.47999572753906,125.51000213623047,136.3699951171875,426634
2024-09-06,136.89999389648438,140.5399932861328,129.60000610351562,136.7899932861328,230098
2024-09-09,138.99000549316406,142.9499969482422,134.00999450683594,136.6199951171875,109406
2024-09-10,140.0,140.8000030517578,134.5,135.38999938964844,59764
2024-09-11,132.3000030517578,136.75999450683594,129.5,130.10000610351562,45874
2024-09-12,132.6999969482422,134.0,126.19999694824219,128.0,38458
2024-09-13,129.14999389648438,136.27999877929688,129.10000610351562,133.11000061035156,59453
2024-09-16,135.10000610351562,137.2899932861328,132.0,132.5500030517578,28468
2024-09-17,131.9499969482422,134.47999572753906,130.0,133.0,27900
2024-09-18,134.5,146.3000030517578,133.10000610351562,146.22999572753906,420080
2024-09-19,151.0,160.85000610351562,135.39999389648438,142.4600067138672,920225
2024-09-20,147.0,149.58999633789062,140.0,141.6699981689453,142739
2024-09-23,144.0,149.89999389648438,141.99000549316406,143.6699981689453,106531
2024-09-24,141.6999969482422,145.8699951171875,138.02999877929688,141.0,75125
2024-09-25,141.0,142.47000122070312,134.33999633789062,135.99000549316406,61629
2024-09-26,139.64999389648438,141.88999938964844,133.5500030517578,136.17999267578125,73671
2024-09-27,136.0,137.24000549316406,132.1999969482422,135.25999450683594,47649
2024-09-30,134.25,134.88999938964844,129.8000030517578,131.3800048828125,45784
2024-10-01,134.0,134.4499969482422,131.2100067138672,132.75,21685
2024-10-03,130.75,133.00999450683594,127.80999755859375,128.8000030517578,39216
2024-10-04,126.25,130.7899932861328,125.12999725341797,126.05000305175781,37357
2024-10-07,123.6500015258789,129.0,117.04000091552734,118.77999877929688,52504
2024-10-08,117.0,124.5999984741211,115.0,122.87000274658203,51997
2024-10-09,126.0,133.5,123.22000122070312,131.4499969482422,110310
2024-10-10,138.0,138.0,130.0,130.2899932861328,48848
2024-10-11,133.49000549316406,133.49000549316406,129.35000610351562,131.0800018310547,26943
2024-10-14,129.60000610351562,132.0,128.3000030517578,128.8300018310547,15778
2024-10-15,129.8800048828125,129.8800048828125,125.0999984741211,126.54000091552734,28262
2024-10-16,125.01000213623047,130.39999389648438,125.0,129.1999969482422,29104
2024-10-17,130.0,133.0,129.10000610351562,130.0500030517578,23395
2024-10-18,127.05000305175781,134.9499969482422,127.05000305175781,131.67999267578125,27360
2024-10-21,130.1999969482422,132.6999969482422,127.05000305175781,127.70999908447266,14826
2024-10-22,127.5,127.70999908447266,121.0,121.8499984741211,28828
2024-10-23,122.62000274658203,127.9000015258789,121.0,121.70999908447266,65589
2024-10-24,124.16999816894531,124.25,113.0999984741211,114.76000213623047,68077
2024-10-25,114.69000244140625,116.79000091552734,110.0,111.8499984741211,50013
2024-10-28,111.0999984741211,116.97000122070312,111.0999984741211,113.4000015258789,24020
2024-10-29,116.8499984741211,124.0,114.08000183105469,119.8499984741211,36237
2024-10-30,119.1500015258789,123.38999938964844,119.0,121.13999938964844,22095
2024-10-31,120.4800033569336,121.12999725341797,119.4800033569336,120.73999786376953,8163
2024-11-01,119.1500015258789,123.80000305175781,119.1500015258789,121.80999755859375,9557
2024-11-04,123.94999694824219,123.94999694824219,119.44000244140625,120.80999755859375,12702
2024-11-05,123.8499984741211,123.8499984741211,120.41000366210938,121.55999755859375,8125
2024-11-06,123.5,125.0,120.94000244140625,124.58999633789062,28925
2024-11-07,128.8000030517578,129.39999389648438,124.41000366210938,127.4000015258789,38029
2024-11-08,125.1500015258789,127.9800033569336,123.25,123.87000274658203,12498
2024-11-11,124.97000122070312,124.97000122070312,111.4800033569336,114.06999969482422,220455
2024-11-12,116.41000366210938,118.48999786376953,105.0,107.02999877929688,98085
2024-11-13,105.4000015258789,108.80000305175781,103.0,105.62999725341797,43979
2024-11-14,108.0,109.79000091552734,107.3499984741211,109.4800033569336,10039
2024-11-18,110.0,111.0,102.16999816894531,105.61000061035156,53254
2024-11-19,107.0,110.4800033569336,106.94000244140625,108.63999938964844,16601
2024-11-21,108.97000122070312,108.98999786376953,105.5199966430664,107.70999908447266,15003
2024-11-22,108.5999984741211,110.0,107.41000366210938,108.97000122070312,9898
2024-11-25,110.0,114.9000015258789,110.0,112.79000091552734,15866
2024-11-26,114.69999694824219,117.9000015258789,112.0,112.94000244140625,16861
2024-11-27,114.79000091552734,117.58000183105469,113.0,114.29000091552734,31709
2024-11-28,114.29000091552734,117.16000366210938,114.0199966430664,114.88999938964844,24512
2024-11-29,114.55999755859375,117.8499984741211,113.44999694824219,115.97000122070312,18388
2024-12-02,115.51000213623047,117.02999877929688,111.20999908447266,113.83000183105469,19870
2024-12-03,115.80000305175781,117.0,113.0,115.45999908447266,47885
2024-12-04,117.5,117.5,113.5999984741211,116.41999816894531,22080
2024-12-05,117.9000015258789,117.9000015258789,114.0,114.52999877929688,14225
2024-12-06,116.0,118.0,114.05999755859375,117.16999816894531,27102
2024-12-09,119.5,120.0,114.0,115.54000091552734,24270
2024-12-10,117.0,117.05000305175781,114.51000213623047,115.70999908447266,16199
2024-12-11,116.9000015258789,116.9000015258789,112.0,113.87999725341797,22875
2024-12-12,115.0,115.0,112.0,112.41999816894531,8146
2024-12-13,112.98999786376953,115.12000274658203,112.44000244140625,113.55999755859375,13828
2024-12-16,114.55999755859375,115.18000030517578,112.02999877929688,112.81999969482422,16926
2024-12-17,113.01000213623047,114.5,112.05000305175781,112.41999816894531,12175
2024-12-18,114.0,114.1500015258789,110.4000015258789,111.44999694824219,15320
2024-12-19,110.83000183105469,111.44999694824219,108.5999984741211,109.11000061035156,21407
2024-12-20,110.9000015258789,110.9000015258789,104.0,104.83000183105469,28333
2024-12-23,105.0,107.33000183105469,101.11000061035156,103.2300033569336,18213
2024-12-24,103.2300033569336,106.72000122070312,103.2300033569336,104.80999755859375,10079
2024-12-26,105.3499984741211,108.9000015258789,101.9000015258789,105.0,19070
2024-12-27,106.9000015258789,108.88999938964844,104.0,105.37999725341797,14779
2024-12-30,105.4000015258789,107.38999938964844,103.0999984741211,104.31999969482422,16960
2024-12-31,104.06999969482422,105.19000244140625,102.80000305175781,103.62000274658203,13637
2025-01-01,107.0,108.54000091552734,105.0,106.26000213623047,15813
2025-01-02,109.76000213623047,109.76000213623047,103.61000061035156,105.5,27383
2025-01-03,106.80000305175781,109.58999633789062,106.0,106.66000366210938,13384
2025-01-06,109.80000305175781,109.80000305175781,103.0999984741211,103.63999938964844,21586
2025-01-07,104.0,106.19999694824219,103.19999694824219,104.37999725341797,10527
2025-01-08,106.97000122070312,106.97000122070312,100.05000305175781,103.63999938964844,23345
2025-01-09,103.63999938964844,103.63999938964844,101.12000274658203,101.80000305175781,12989
2025-01-10,103.0,103.12999725341797,97.0,98.93000030517578,25717
2025-01-13,95.0,100.94000244140625,90.3499984741211,94.33000183105469,44247
2025-01-14,94.0,101.0,93.9000015258789,99.77999877929688,24949
2025-01-15,100.72000122070312,102.5999984741211,100.01000213623047,101.44999694824219,22802
2025-01-16,102.5,102.5,99.5,101.33000183105469,23878
2025-01-17,102.0,102.0,98.88999938964844,100.13999938964844,7894
2025-01-20,102.0,102.01000213623047,96.3499984741211,98.7699966430664,21274
2025-01-21,98.7699966430664,100.04000091552734,97.52999877929688,98.2300033569336,16407
2025-01-22,97.0,98.48999786376953,95.1500015258789,96.54000091552734,14725
2025-01-23,98.0,99.19999694824219,95.5,97.26000213623047,35762
2025-01-24,99.69999694824219,99.69999694824219,94.02999877929688,94.7300033569336,21071
2025-01-27,95.88999938964844,96.76000213623047,89.9000015258789,90.2699966430664,20036
2025-01-28,89.9000015258789,92.0999984741211,87.20999908447266,89.9800033569336,8224
2025-01-29,91.76000213623047,98.97000122070312,90.98999786376953,96.02999877929688,16963
2025-01-30,99.25,100.75,97.19000244140625,98.66000366210938,8473
2025-01-31,100.0,100.54000091552734,95.61000061035156,97.98999786376953,28284
2025-02-01,99.22000122070312,101.66000366210938,96.0999984741211,100.5999984741211,23124
2025-02-03,99.19000244140625,104.30000305175781,97.0199966430664,100.11000061035156,11054
2025-02-04,101.19999694824219,102.0,99.12999725341797,101.25,10203
2025-02-05,101.27999877929688,103.30000305175781,97.11000061035156,99.66000366210938,15899
2025-02-06,102.0,105.5,101.25,101.75,24280
2025-02-07,101.75,102.98999786376953,99.01000213623047,99.69999694824219,8139
2025-02-10,101.5,102.48999786376953,95.0,98.5,6920
2025-02-11,100.47000122070312,101.0,88.0,88.27999877929688,56202
2025-02-12,88.30000305175781,93.75,88.30000305175781,91.58000183105469,12702
2025-02-13,95.0,99.6500015258789,88.5999984741211,89.19999694824219,11430
2025-02-14,93.0,93.80000305175781,87.0,89.55000305175781,11126
2025-02-17,89.55000305175781,89.61000061035156,86.0,88.33999633789062,9765
2025-02-18,89.0199966430664,89.0199966430664,85.0,86.05999755859375,10716
2025-02-19,85.0,87.75,85.0,86.7300033569336,6399
2025-02-20,90.93000030517578,90.93000030517578,81.0,86.33000183105469,16608
2025-02-21,87.12999725341797,87.94999694824219,82.1500015258789,82.98999786376953,17785
2025-02-24,82.51000213623047,85.02999877929688,80.19999694824219,82.11000061035156,16585
2025-02-25,83.38999938964844,88.41000366210938,80.51000213623047,81.56999969482422,24821
2025-02-27,83.41000366210938,83.62999725341797,80.11000061035156,80.69999694824219,28146
2025-02-28,82.5,82.5,77.5,78.8499984741211,25194
2025-03-03,80.77999877929688,81.0,76.22000122070312,77.88999938964844,31140
2025-03-04,77.30000305175781,79.8499984741211,76.30999755859375,78.62999725341797,29343
2025-03-05,80.29000091552734,83.93000030517578,78.33000183105469,80.66000366210938,34771
2025-03-06,82.9000015258789,83.27999877929688,80.75,81.37999725341797,26500
2025-03-07,82.5,83.29000091552734,81.0199966430664,82.76000213623047,6783
2025-03-10,84.0,84.0,74.41000366210938,76.37000274658203,63434
2025-03-11,75.95999908447266,77.98999786376953,70.16000366210938,71.91000366210938,49463
2025-03-12,72.0,75.5,71.0,71.56999969482422,54196
2025-03-13,70.5,72.01000213623047,66.0,67.80000305175781,54202
2025-03-17,68.19999694824219,69.9800033569336,68.0,68.38999938964844,11868
2025-03-18,68.38999938964844,68.38999938964844,68.38999938964844,68.38999938964844,0
2025-03-19,67.4000015258789,74.48999786376953,67.4000015258789,71.94000244140625,73008
2025-03-20,72.5999984741211,77.62999725341797,72.01000213623047,74.63999938964844,48548
2025-03-21,75.0,81.38999938964844,74.69999694824219,79.94999694824219,60110
2025-03-24,81.0,85.0,81.0,83.23999786376953,71013
2025-03-25,84.0,84.0,78.6500015258789,78.9000015258789,55235
2025-03-26,79.98999786376953,80.69000244140625,75.76000213623047,76.19999694824219,46685
2025-03-27,79.0,80.0,71.0,72.55000305175781,80573
2025-03-28,74.0,75.0199966430664,71.76000213623047,72.36000061035156,51198
2025-04-01,71.26000213623047,77.0,71.26000213623047,75.18000030517578,51673
2025-04-02,78.5,78.5,75.6500015258789,77.62999725341797,26153
2025-04-03,77.5,78.75,75.25,77.55999755859375,43847
2025-04-04,80.25,80.25,77.02999877929688,78.55000305175781,81240
2025-04-07,78.22000122070312,78.22000122070312,72.86000061035156,75.38999938964844,53280
2025-04-08,80.0,80.0,75.30000305175781,76.80999755859375,74615
2025-04-09,76.0,79.47000122070312,75.23999786376953,75.97000122070312,8514
2025-04-11,77.54000091552734,80.27999877929688,73.6500015258789,74.54000091552734,63322
2025-04-15,77.0,77.0,75.0,75.29000091552734,24317
2025-04-16,78.0999984741211,78.0999984741211,75.22000122070312,75.94999694824219,40293
2025-04-17,78.25,78.25,75.19000244140625,76.58000183105469,38017
2025-04-21,77.0999984741211,78.38999938964844,76.41999816894531,77.26000213623047,49131
2025-04-22,78.98999786376953,80.38999938964844,77.4000015258789,78.8499984741211,66854
2025-04-23,79.58000183105469,81.0,77.19999694824219,79.16000366210938,66508
2025-04-24,79.73999786376953,80.5,78.48999786376953,79.25,35992
2025-04-25,79.25,80.5,75.11000061035156,77.22000122070312,42044
2025-04-28,78.97000122070312,78.97000122070312,76.41000366210938,76.87000274658203,7220
2025-04-29,78.0,78.0,75.0999984741211,76.08000183105469,25020
2025-04-30,77.98999786376953,77.98999786376953,76.01000213623047,77.04000091552734,6819
2025-05-02,77.04000091552734,82.01000213623047,75.0,78.0,78655
2025-05-05,84.98999786376953,84.98999786376953,81.4800033569336,82.91999816894531,108695
2025-05-06,84.69999694824219,84.69999694824219,81.47000122070312,82.76000213623047,87421
2025-05-07,80.0,82.79000091552734,79.41000366210938,80.81999969482422,43560
2025-05-08,82.9000015258789,83.01000213623047,79.12999725341797,79.69000244140625,38282
2025-05-09,79.45999908447266,79.88999938964844,77.0,78.23999786376953,11655
2025-05-12,83.0,83.0,80.0199966430664,80.72000122070312,40408
2025-05-13,81.80000305175781,83.0,80.91000366210938,82.38999938964844,21608
2025-05-14,82.75,84.19999694824219,81.0999984741211,82.16000366210938,57491
2025-05-15,82.48999786376953,83.98999786376953,81.0,81.66000366210938,28036
2025-05-16,80.5199966430664,84.0,80.5199966430664,82.94999694824219,18717
2025-05-19,83.38999938964844,87.98999786376953,83.0,86.45999908447266,74425
2025-05-20,86.45999908447266,86.45999908447266,83.51000213623047,84.54000091552734,37940
2025-05-21,85.0,85.5,82.75,83.38999938964844,23092
2025-05-22,84.7699966430664,84.7699966430664,82.08999633789062,83.38999938964844,16884
2025-05-23,84.97000122070312,84.98999786376953,82.5,84.47000122070312,32502
2025-05-26,87.55000305175781,87.55000305175781,84.47000122070312,86.02999877929688,41072
2025-05-27,86.0,86.47000122070312,84.19000244140625,85.3499984741211,25040
2025-05-28,85.9000015258789,87.0,85.04000091552734,85.91999816894531,20967
2025-05-29,85.91999816894531,86.79000091552734,85.0999984741211,86.41999816894531,18643
2025-05-30,86.05999755859375,88.4000015258789,85.55999755859375,87.9000015258789,103568
2025-06-02,89.5,89.5,86.0,87.66000366210938,34780
2025-06-03,87.0,88.87999725341797,86.26000213623047,87.3499984741211,39677
2025-06-04,89.5,89.5,87.41999816894531,88.87999725341797,41450
2025-06-05,90.5,90.70999908447266,87.0999984741211,90.02999877929688,62154
2025-06-06,90.3499984741211,91.5,87.98999786376953,90.1500015258789,60610
2025-06-09,90.0,91.95999908447266,89.12000274658203,90.43000030517578,36820
2025-06-10,93.75,93.75,89.5,90.16000366210938,23668
2025-06-11,90.16000366210938,92.0,89.0,90.06999969482422,30369
2025-06-12,90.54000091552734,91.38999938964844,89.01000213623047,89.83000183105469,30733
2025-06-13,89.95999908447266,89.95999908447266,86.0,87.41000366210938,18393
2025-06-16,86.91999816894531,88.48999786376953,83.30000305175781,85.19999694824219,20933
2025-06-17,85.0,86.8499984741211,83.0999984741211,84.87000274658203,44856
2025-06-18,84.87000274658203,84.87000274658203,83.31999969482422,84.33000183105469,6557
2025-06-19,84.9800033569336,84.9800033569336,82.0,83.01000213623047,7619
2025-06-20,82.94999694824219,85.80000305175781,82.0199966430664,84.37999725341797,6751
2025-06-23,84.37999725341797,84.94999694824219,83.05000305175781,84.2300033569336,5771
2025-06-24,85.5,89.08999633789062,83.83999633789062,84.80999755859375,25279
2025-06-25,85.63999938964844,87.51000213623047,83.5,84.76000213623047,29413
2025-06-26,85.0,86.0,83.05999755859375,83.37999725341797,16887
2025-06-27,83.31999969482422,83.95999908447266,82.37999725341797,82.52999877929688,15214
2025-06-30,82.5,83.58999633789062,82.0,82.87999725341797,16715
2025-07-01,83.0,83.94999694824219,82.72000122070312,83.18000030517578,11379
2025-07-02,83.9800033569336,83.9800033569336,82.3499984741211,83.1500015258789,12341
2025-07-03,83.87999725341797,83.87999725341797,82.38999938964844,82.72000122070312,10896
2025-07-04,83.11000061035156,83.1500015258789,81.94999694824219,82.33999633789062,12880
2025-07-07,83.48999786376953,83.48999786376953,82.4800033569336,83.29000091552734,5656
2025-07-08,84.13999938964844,85.19000244140625,82.77999877929688,83.69000244140625,16212
2025-07-09,84.9000015258789,84.9000015258789,80.44999694824219,82.18000030517578,34362
2025-07-10,82.45999908447266,83.66999816894531,82.11000061035156,82.98999786376953,12192
2025-07-11,82.69999694824219,83.26000213623047,81.5,81.94999694824219,5159
2025-07-14,81.94999694824219,83.29000091552734,81.62000274658203,82.33999633789062,5484
2025-07-15,82.37999725341797,96.19999694824219,81.58000183105469,92.47000122070312,292209
2025-07-16,91.6500015258789,92.98999786376953,90.0,90.66000366210938,83571
2025-07-17,90.58999633789062,99.5,90.0,95.29000091552734,157732
2025-07-18,96.5999984741211,96.5999984741211,92.25,94.79000091552734,58578
2025-07-21,95.7699966430664,95.7699966430664,92.30000305175781,93.0999984741211,44372
2025-07-22,94.05000305175781,94.66000366210938,92.11000061035156,93.23999786376953,25472
2025-07-23,94.6500015258789,94.6500015258789,92.5,93.54000091552734,18072
2025-07-24,95.0,95.0,90.9000015258789,91.05999755859375,19216
2025-07-25,89.69999694824219,90.63999938964844,87.0,87.80999755859375,27923
2025-07-28,86.95999908447266,88.98999786376953,81.66000366210938,83.22000122070312,23685
2025-07-29,83.22000122070312,88.75,81.0,87.5,44431
2025-07-30,88.5,88.5,86.0,86.16000366210938,10454
2025-07-31,86.16000366210938,86.77999877929688,84.98999786376953,85.73999786376953,12649
2025-08-01,83.5,87.69000244140625,83.0,85.58999633789062,17948
2025-08-04,85.58999633789062,88.0,84.37000274658203,84.68000030517578,31800
2025-08-05,85.0,86.5,84.69000244140625,85.70999908447266,9141
2025-08-06,84.27999877929688,87.94999694824219,84.27999877929688,86.58000183105469,22664
2025-08-07,88.98999786376953,88.98999786376953,85.5,87.2300033569336,13307
2025-08-08,89.0,89.0,86.0199966430664,87.79000091552734,11743
2025-08-11,88.5999984741211,89.01000213623047,83.94000244140625,84.11000061035156,15580
2025-08-12,84.88999938964844,86.11000061035156,83.5999984741211,84.08000183105469,9457
2025-08-13,84.0,85.0,82.20999908447266,83.08999633789062,11253
2025-08-14,83.9800033569336,85.98999786376953,82.0,84.0199966430664,11544
2025-08-18,84.0199966430664,84.9800033569336,83.01000213623047,83.81999969482422,7711
2025-08-19,83.81999969482422,84.95999908447266,81.41000366210938,82.58999633789062,24573
2025-08-20,82.01000213623047,84.48999786376953,80.0,81.29000091552734,28220
2025-08-21,81.98999786376953,84.68000030517578,80.9800033569336,81.80999755859375,19613
2025-08-22,82.38999938964844,83.48999786376953,80.30000305175781,80.73999786376953,21582
2025-08-25,81.0,84.0,81.0,81.7300033569336,17976
2025-08-26,82.19000244140625,83.98999786376953,77.06999969482422,77.80000305175781,46603
2025-08-27,77.80000305175781,77.80000305175781,77.80000305175781,77.80000305175781,0
2025-08-28,78.0,81.08999633789062,78.0,80.12000274658203,9719
2025-08-29,82.0,82.0,78.01000213623047,78.19999694824219,19432
2025-09-01,78.1500015258789,81.0,78.1500015258789,78.77999877929688,18615
2025-09-02,80.0,80.0,78.86000061035156,79.30000305175781,37062
2025-09-03,79.30000305175781,80.0,79.01000213623047,79.05000305175781,9722
2025-09-04,80.0,80.7300033569336,78.5,78.81999969482422,16689
2025-09-05,79.88999938964844,79.88999938964844,78.5,79.19000244140625,7119
2025-09-08,80.19999694824219,83.44999694824219,78.0999984741211,79.13999938964844,56768
2025-09-09,79.13999938964844,85.0,78.51000213623047,79.4800033569336,123479
2025-09-10,79.4800033569336,82.58999633789062,79.0,79.45999908447266,23442
2025-09-11,79.47000122070312,80.98999786376953,79.05999755859375,80.23999786376953,11879
2025-09-12,79.8499984741211,80.98999786376953,79.38999938964844,79.56999969482422,12157
2025-09-15,79.58999633789062,80.25,79.3499984741211,79.55000305175781,9246
2025-09-16,80.0,81.01000213623047,80.0,80.63999938964844,15990
2025-09-17,81.3499984741211,81.5,79.12999725341797,79.8499984741211,25159
2025-09-18,79.87999725341797,80.30000305175781,78.5999984741211,79.11000061035156,17339
2025-09-19,79.6500015258789,79.66999816894531,78.38999938964844,79.2300033569336,12223
2025-09-22,79.2300033569336,79.5,78.20999908447266,78.91000366210938,11748
2025-09-23,78.01000213623047,81.5,78.0,79.83999633789062,35245
2025-09-24,79.83999633789062,81.5999984741211,79.0999984741211,81.44999694824219,252109
2025-09-25,81.9000015258789,81.9000015258789,78.30999755859375,78.56999969482422,36090
2025-09-26,79.0,79.38999938964844,76.11000061035156,77.0,395140
2025-09-29,78.98999786376953,79.0,77.06999969482422,78.58999633789062,425113
2025-09-30,79.0,82.0,78.70999908447266,79.61000061035156,401360
2025-10-01,80.25,95.52999877929688,80.16999816894531,87.73999786376953,554897
2025-10-03,89.0,105.27999877929688,89.0,105.27999877929688,1179456
